assemblyLineTypeID,groupID,timeMultiplier,materialMultiplier,costMultiplier
3,973,1.0000000000,1.0000000000,1.0000000000
3,996,1.0000000000,1.0000000000,1.0000000000
3,1309,1.0000000000,1.0000000000,1.0000000000
6,25,1.0000000000,1.0000000000,1.0000000000
6,26,1.0000000000,1.0000000000,1.0000000000
6,27,1.0000000000,1.0000000000,1.0000000000
6,28,1.0000000000,1.0000000000,1.0000000000
6,31,1.0000000000,1.0000000000,1.0000000000
6,324,1.0000000000,1.0000000000,1.0000000000
6,358,1.0000000000,1.0000000000,1.0000000000
6,380,1.0000000000,1.0000000000,1.0000000000
6,381,1.0000000000,1.0000000000,1.0000000000
6,419,1.0000000000,1.0000000000,1.0000000000
6,420,1.0000000000,1.0000000000,1.0000000000
6,463,1.0000000000,1.0000000000,1.0000000000
6,485,1.0000000000,1.0000000000,1.0000000000
6,513,1.0000000000,1.0000000000,1.0000000000
6,540,1.0000000000,1.0000000000,1.0000000000
6,541,1.0000000000,1.0000000000,1.0000000000
6,543,1.0000000000,1.0000000000,1.0000000000
6,547,1.0000000000,1.0000000000,1.0000000000
6,830,1.0000000000,1.0000000000,1.0000000000
6,831,1.0000000000,1.0000000000,1.0000000000
6,832,1.0000000000,1.0000000000,1.0000000000
6,833,1.0000000000,1.0000000000,1.0000000000
6,834,1.0000000000,1.0000000000,1.0000000000
6,883,1.0000000000,1.0000000000,1.0000000000
6,893,1.0000000000,1.0000000000,1.0000000000
6,894,1.0000000000,1.0000000000,1.0000000000
6,898,1.0000000000,1.0000000000,1.0000000000
6,900,1.0000000000,1.0000000000,1.0000000000
6,902,1.0000000000,1.0000000000,1.0000000000
6,906,1.0000000000,1.0000000000,1.0000000000
6,941,1.0000000000,1.0000000000,1.0000000000
6,1201,1.0000000000,1.0000000000,1.0000000000
6,1202,1.0000000000,1.0000000000,1.0000000000
6,1283,1.0000000000,1.0000000000,1.0000000000
6,1527,1.0000000000,1.0000000000,1.0000000000
6,1534,1.0000000000,1.0000000000,1.0000000000
6,1538,1.0000000000,1.0000000000,1.0000000000
10,30,1.0000000000,1.0000000000,1.0000000000
10,485,0.7500000000,1.0000000000,1.0000000000
10,513,0.7500000000,1.0000000000,1.0000000000
10,547,0.7500000000,1.0000000000,1.0000000000
10,659,1.0000000000,1.0000000000,1.0000000000
10,883,0.7500000000,1.0000000000,1.0000000000
10,1538,0.7500000000,1.0000000000,1.0000000000
17,25,1.0000000000,1.0000000000,1.0000000000
17,31,1.0000000000,1.0000000000,1.0000000000
17,420,1.0000000000,1.0000000000,1.0000000000
17,549,1.0000000000,1.0000000000,1.0000000000
17,1023,1.0000000000,1.0000000000,1.0000000000
18,324,1.0000000000,1.0000000000,1.0000000000
18,541,1.0000000000,1.0000000000,1.0000000000
18,830,1.0000000000,1.0000000000,1.0000000000
18,831,1.0000000000,1.0000000000,1.0000000000
18,834,1.0000000000,1.0000000000,1.0000000000
18,893,1.0000000000,1.0000000000,1.0000000000
18,1283,1.0000000000,1.0000000000,1.0000000000
18,1305,1.0000000000,1.0000000000,1.0000000000
18,1527,1.0000000000,1.0000000000,1.0000000000
18,1534,1.0000000000,1.0000000000,1.0000000000
19,26,1.0000000000,1.0000000000,1.0000000000
19,28,1.0000000000,1.0000000000,1.0000000000
19,419,1.0000000000,1.0000000000,1.0000000000
19,463,1.0000000000,1.0000000000,1.0000000000
19,941,1.0000000000,1.0000000000,1.0000000000
19,1201,1.0000000000,1.0000000000,1.0000000000
20,358,1.0000000000,1.0000000000,1.0000000000
20,380,1.0000000000,1.0000000000,1.0000000000
20,540,1.0000000000,1.0000000000,1.0000000000
20,543,1.0000000000,1.0000000000,1.0000000000
20,832,1.0000000000,1.0000000000,1.0000000000
20,833,1.0000000000,1.0000000000,1.0000000000
20,894,1.0000000000,1.0000000000,1.0000000000
20,906,1.0000000000,1.0000000000,1.0000000000
20,963,1.0000000000,1.0000000000,1.0000000000
20,1202,1.0000000000,1.0000000000,1.0000000000
21,27,1.0000000000,1.0000000000,1.0000000000
21,485,1.0000000000,1.0000000000,1.0000000000
21,513,1.0000000000,1.0000000000,1.0000000000
21,547,1.0000000000,1.0000000000,1.0000000000
21,883,1.0000000000,1.0000000000,1.0000000000
21,941,1.0000000000,1.0000000000,1.0000000000
21,1538,1.0000000000,1.0000000000,1.0000000000
22,898,1.0000000000,1.0000000000,1.0000000000
22,900,1.0000000000,1.0000000000,1.0000000000
22,902,1.0000000000,1.0000000000,1.0000000000
23,12,1.0000000000,1.0000000000,1.0000000000
23,340,1.0000000000,1.0000000000,1.0000000000
23,448,1.0000000000,1.0000000000,1.0000000000
23,649,1.0000000000,1.0000000000,1.0000000000
24,12,1.0000000000,1.0000000000,1.0000000000
24,340,1.0000000000,1.0000000000,1.0000000000
24,448,1.0000000000,1.0000000000,1.0000000000
24,649,1.0000000000,1.0000000000,1.0000000000
25,1136,1.0000000000,1.0000000000,1.0000000000
26,97,1.0000000000,1.0000000000,1.0000000000
26,100,1.0000000000,1.0000000000,1.0000000000
26,101,1.0000000000,1.0000000000,1.0000000000
26,299,1.0000000000,1.0000000000,1.0000000000
26,470,1.0000000000,1.0000000000,1.0000000000
26,544,1.0000000000,1.0000000000,1.0000000000
26,545,1.0000000000,1.0000000000,1.0000000000
26,639,1.0000000000,1.0000000000,1.0000000000
26,640,1.0000000000,1.0000000000,1.0000000000
26,641,1.0000000000,1.0000000000,1.0000000000
26,1159,1.0000000000,1.0000000000,1.0000000000
27,332,1.0000000000,1.0000000000,1.0000000000
27,334,1.0000000000,1.0000000000,1.0000000000
27,536,1.0000000000,1.0000000000,1.0000000000
27,716,1.0000000000,1.0000000000,1.0000000000
27,873,1.0000000000,1.0000000000,1.0000000000
27,913,1.0000000000,1.0000000000,1.0000000000
27,964,1.0000000000,1.0000000000,1.0000000000
27,1136,1.0000000000,1.0000000000,1.0000000000
31,25,1.0000000000,1.0000000000,1.0000000000
31,26,1.0000000000,1.0000000000,1.0000000000
31,27,1.0000000000,1.0000000000,1.0000000000
31,28,1.0000000000,1.0000000000,1.0000000000
31,31,1.0000000000,1.0000000000,1.0000000000
31,324,1.0000000000,1.0000000000,1.0000000000
31,358,1.0000000000,1.0000000000,1.0000000000
31,380,1.0000000000,1.0000000000,1.0000000000
31,381,1.0000000000,1.0000000000,1.0000000000
31,419,1.0000000000,1.0000000000,1.0000000000
31,420,1.0000000000,1.0000000000,1.0000000000
31,463,1.0000000000,1.0000000000,1.0000000000
31,485,1.0000000000,1.0000000000,1.0000000000
31,513,1.0000000000,1.0000000000,1.0000000000
31,540,1.0000000000,1.0000000000,1.0000000000
31,541,1.0000000000,1.0000000000,1.0000000000
31,543,1.0000000000,1.0000000000,1.0000000000
31,547,1.0000000000,1.0000000000,1.0000000000
31,830,1.0000000000,1.0000000000,1.0000000000
31,831,1.0000000000,1.0000000000,1.0000000000
31,832,1.0000000000,1.0000000000,1.0000000000
31,833,1.0000000000,1.0000000000,1.0000000000
31,834,1.0000000000,1.0000000000,1.0000000000
31,883,1.0000000000,1.0000000000,1.0000000000
31,893,1.0000000000,1.0000000000,1.0000000000
31,894,1.0000000000,1.0000000000,1.0000000000
31,898,1.0000000000,1.0000000000,1.0000000000
31,900,1.0000000000,1.0000000000,1.0000000000
31,902,1.0000000000,1.0000000000,1.0000000000
31,906,1.0000000000,1.0000000000,1.0000000000
31,941,1.0000000000,1.0000000000,1.0000000000
31,963,1.0000000000,1.0000000000,1.0000000000
31,1201,1.0000000000,1.0000000000,1.0000000000
31,1202,1.0000000000,1.0000000000,1.0000000000
31,1283,1.0000000000,1.0000000000,1.0000000000
31,1305,1.0000000000,1.0000000000,1.0000000000
31,1527,1.0000000000,1.0000000000,1.0000000000
31,1534,1.0000000000,1.0000000000,1.0000000000
31,1538,1.0000000000,1.0000000000,1.0000000000
35,25,1.0000000000,1.0000000000,1.0000000000
35,26,1.0000000000,1.0000000000,1.0000000000
35,27,1.0000000000,1.0000000000,1.0000000000
35,28,1.0000000000,1.0000000000,1.0000000000
35,31,1.0000000000,1.0000000000,1.0000000000
35,324,1.0000000000,1.0000000000,1.0000000000
35,358,1.0000000000,1.0000000000,1.0000000000
35,380,1.0000000000,1.0000000000,1.0000000000
35,381,1.0000000000,1.0000000000,1.0000000000
35,419,1.0000000000,1.0000000000,1.0000000000
35,420,1.0000000000,1.0000000000,1.0000000000
35,463,1.0000000000,1.0000000000,1.0000000000
35,513,1.0000000000,1.0000000000,1.0000000000
35,540,1.0000000000,1.0000000000,1.0000000000
35,541,1.0000000000,1.0000000000,1.0000000000
35,543,1.0000000000,1.0000000000,1.0000000000
35,830,1.0000000000,1.0000000000,1.0000000000
35,831,1.0000000000,1.0000000000,1.0000000000
35,832,1.0000000000,1.0000000000,1.0000000000
35,833,1.0000000000,1.0000000000,1.0000000000
35,834,1.0000000000,1.0000000000,1.0000000000
35,893,1.0000000000,1.0000000000,1.0000000000
35,894,1.0000000000,1.0000000000,1.0000000000
35,898,1.0000000000,1.0000000000,1.0000000000
35,900,1.0000000000,1.0000000000,1.0000000000
35,902,1.0000000000,1.0000000000,1.0000000000
35,906,1.0000000000,1.0000000000,1.0000000000
35,941,1.0000000000,1.0000000000,1.0000000000
35,1201,1.0000000000,1.0000000000,1.0000000000
35,1202,1.0000000000,1.0000000000,1.0000000000
35,1283,1.0000000000,1.0000000000,1.0000000000
35,1527,1.0000000000,1.0000000000,1.0000000000
35,1534,1.0000000000,1.0000000000,1.0000000000
37,303,1.0000000000,1.0000000000,1.0000000000
43,25,0.8600000000,0.9900000000,1.0000000000
43,26,0.8600000000,0.9900000000,1.0000000000
43,27,0.8600000000,0.9900000000,1.0000000000
43,28,0.8600000000,0.9900000000,1.0000000000
43,31,0.8600000000,0.9900000000,1.0000000000
43,324,1.0000000000,0.9900000000,1.0000000000
43,358,1.0000000000,0.9900000000,1.0000000000
43,380,1.0000000000,0.9900000000,1.0000000000
43,381,1.0000000000,0.9900000000,1.0000000000
43,419,0.8600000000,0.9900000000,1.0000000000
43,420,0.8600000000,0.9900000000,1.0000000000
43,463,0.8600000000,0.9900000000,1.0000000000
43,485,0.8600000000,0.9900000000,1.0000000000
43,513,0.8600000000,0.9900000000,1.0000000000
43,540,1.0000000000,0.9900000000,1.0000000000
43,541,1.0000000000,0.9900000000,1.0000000000
43,543,1.0000000000,0.9900000000,1.0000000000
43,547,0.8600000000,0.9900000000,1.0000000000
43,830,1.0000000000,0.9900000000,1.0000000000
43,831,1.0000000000,0.9900000000,1.0000000000
43,832,1.0000000000,0.9900000000,1.0000000000
43,833,1.0000000000,0.9900000000,1.0000000000
43,834,1.0000000000,0.9900000000,1.0000000000
43,883,0.8600000000,0.9900000000,1.0000000000
43,893,1.0000000000,0.9900000000,1.0000000000
43,894,1.0000000000,0.9900000000,1.0000000000
43,898,1.0000000000,0.9900000000,1.0000000000
43,900,1.0000000000,0.9900000000,1.0000000000
43,902,1.0000000000,0.9900000000,1.0000000000
43,906,1.0000000000,0.9900000000,1.0000000000
43,941,0.8600000000,0.9900000000,1.0000000000
43,963,1.0000000000,0.9900000000,1.0000000000
43,1201,0.8600000000,0.9900000000,1.0000000000
43,1202,1.0000000000,0.9900000000,1.0000000000
43,1283,1.0000000000,0.9900000000,1.0000000000
43,1305,1.0000000000,0.9900000000,1.0000000000
43,1527,1.0000000000,0.9900000000,1.0000000000
43,1534,1.0000000000,0.9900000000,1.0000000000
43,1538,0.8600000000,0.9900000000,1.0000000000
45,25,0.8600000000,0.9800000000,1.0000000000
45,26,0.8600000000,0.9800000000,1.0000000000
45,27,0.8600000000,0.9800000000,1.0000000000
45,28,0.8600000000,0.9800000000,1.0000000000
45,31,0.8600000000,0.9800000000,1.0000000000
45,324,0.8600000000,0.9800000000,1.0000000000
45,358,0.8600000000,0.9800000000,1.0000000000
45,380,0.8600000000,0.9800000000,1.0000000000
45,381,0.8600000000,0.9800000000,1.0000000000
45,419,0.8600000000,0.9800000000,1.0000000000
45,420,0.8600000000,0.9800000000,1.0000000000
45,463,0.8600000000,0.9800000000,1.0000000000
45,485,0.8600000000,0.9800000000,1.0000000000
45,513,0.8600000000,0.9800000000,1.0000000000
45,540,0.8600000000,0.9800000000,1.0000000000
45,541,0.8600000000,0.9800000000,1.0000000000
45,543,0.8600000000,0.9800000000,1.0000000000
45,547,0.8600000000,0.9800000000,1.0000000000
45,830,0.8600000000,0.9800000000,1.0000000000
45,831,0.8600000000,0.9800000000,1.0000000000
45,832,0.8600000000,0.9800000000,1.0000000000
45,833,0.8600000000,0.9800000000,1.0000000000
45,834,0.8600000000,0.9800000000,1.0000000000
45,883,0.8600000000,0.9800000000,1.0000000000
45,893,0.8600000000,0.9800000000,1.0000000000
45,894,0.8600000000,0.9800000000,1.0000000000
45,898,0.8600000000,0.9800000000,1.0000000000
45,900,0.8600000000,0.9800000000,1.0000000000
45,902,0.8600000000,0.9800000000,1.0000000000
45,906,0.8600000000,0.9800000000,1.0000000000
45,941,0.8600000000,0.9800000000,1.0000000000
45,963,1.0000000000,0.9800000000,1.0000000000
45,1201,0.8600000000,0.9800000000,1.0000000000
45,1202,0.8600000000,0.9800000000,1.0000000000
45,1283,0.8600000000,0.9800000000,1.0000000000
45,1305,1.0000000000,0.9800000000,1.0000000000
45,1527,0.8600000000,0.9800000000,1.0000000000
45,1534,0.8600000000,0.9800000000,1.0000000000
45,1538,0.8600000000,0.9800000000,1.0000000000
46,25,1.0000000000,1.0000000000,1.0000000000
46,26,1.0000000000,1.0000000000,1.0000000000
46,27,1.0000000000,1.0000000000,1.0000000000
46,28,1.0000000000,1.0000000000,1.0000000000
46,31,1.0000000000,1.0000000000,1.0000000000
46,324,1.0000000000,1.0000000000,1.0000000000
46,358,1.0000000000,1.0000000000,1.0000000000
46,380,1.0000000000,1.0000000000,1.0000000000
46,381,1.0000000000,1.0000000000,1.0000000000
46,419,1.0000000000,1.0000000000,1.0000000000
46,420,1.0000000000,1.0000000000,1.0000000000
46,463,1.0000000000,1.0000000000,1.0000000000
46,485,1.0000000000,1.0000000000,1.0000000000
46,513,1.0000000000,1.0000000000,1.0000000000
46,540,1.0000000000,1.0000000000,1.0000000000
46,541,1.0000000000,1.0000000000,1.0000000000
46,543,1.0000000000,1.0000000000,1.0000000000
46,547,1.0000000000,1.0000000000,1.0000000000
46,830,1.0000000000,1.0000000000,1.0000000000
46,831,1.0000000000,1.0000000000,1.0000000000
46,832,1.0000000000,1.0000000000,1.0000000000
46,833,1.0000000000,1.0000000000,1.0000000000
46,834,1.0000000000,1.0000000000,1.0000000000
46,883,1.0000000000,1.0000000000,1.0000000000
46,893,1.0000000000,1.0000000000,1.0000000000
46,894,1.0000000000,1.0000000000,1.0000000000
46,898,1.0000000000,1.0000000000,1.0000000000
46,900,1.0000000000,1.0000000000,1.0000000000
46,902,1.0000000000,1.0000000000,1.0000000000
46,906,1.0000000000,1.0000000000,1.0000000000
46,941,1.0000000000,1.0000000000,1.0000000000
46,963,1.0000000000,1.0000000000,1.0000000000
46,1201,1.0000000000,1.0000000000,1.0000000000
46,1202,1.0000000000,1.0000000000,1.0000000000
46,1283,1.0000000000,1.0000000000,1.0000000000
46,1305,1.0000000000,1.0000000000,1.0000000000
46,1527,1.0000000000,1.0000000000,1.0000000000
46,1534,1.0000000000,1.0000000000,1.0000000000
46,1538,1.0000000000,1.0000000000,1.0000000000
47,25,0.8600000000,0.9700000000,1.0000000000
47,26,0.8600000000,0.9700000000,1.0000000000
47,27,0.8600000000,0.9700000000,1.0000000000
47,28,0.8600000000,0.9700000000,1.0000000000
47,31,0.8600000000,0.9700000000,1.0000000000
47,324,0.7100000000,0.9700000000,1.0000000000
47,358,0.7100000000,0.9700000000,1.0000000000
47,380,0.7100000000,0.9700000000,1.0000000000
47,381,0.7100000000,0.9700000000,1.0000000000
47,419,0.8600000000,0.9700000000,1.0000000000
47,420,0.8600000000,0.9700000000,1.0000000000
47,463,0.8600000000,0.9700000000,1.0000000000
47,485,0.8600000000,0.9700000000,1.0000000000
47,513,0.8600000000,0.9700000000,1.0000000000
47,540,0.7100000000,0.9700000000,1.0000000000
47,541,0.7100000000,0.9700000000,1.0000000000
47,543,0.7100000000,0.9700000000,1.0000000000
47,547,0.8600000000,0.9700000000,1.0000000000
47,830,0.7100000000,0.9700000000,1.0000000000
47,831,0.7100000000,0.9700000000,1.0000000000
47,832,0.7100000000,0.9700000000,1.0000000000
47,833,0.7100000000,0.9700000000,1.0000000000
47,834,0.7100000000,0.9700000000,1.0000000000
47,883,0.8600000000,0.9700000000,1.0000000000
47,893,0.7100000000,0.9700000000,1.0000000000
47,894,0.7100000000,0.9700000000,1.0000000000
47,898,0.7100000000,0.9700000000,1.0000000000
47,900,0.7100000000,0.9700000000,1.0000000000
47,902,0.7100000000,0.9700000000,1.0000000000
47,906,0.7100000000,0.9700000000,1.0000000000
47,941,0.8600000000,0.9700000000,1.0000000000
47,963,1.0000000000,0.9700000000,1.0000000000
47,1201,0.8600000000,0.9700000000,1.0000000000
47,1202,0.7100000000,0.9700000000,1.0000000000
47,1283,0.7100000000,0.9700000000,1.0000000000
47,1305,1.0000000000,0.9700000000,1.0000000000
47,1527,0.7100000000,0.9700000000,1.0000000000
47,1534,0.7100000000,0.9700000000,1.0000000000
47,1538,0.8600000000,0.9700000000,1.0000000000
48,25,0.8600000000,0.9600000000,1.0000000000
48,26,0.8600000000,0.9600000000,1.0000000000
48,27,0.8600000000,0.9600000000,1.0000000000
48,28,0.8600000000,0.9600000000,1.0000000000
48,31,0.8600000000,0.9600000000,1.0000000000
48,324,0.5700000000,0.9600000000,1.0000000000
48,358,0.5700000000,0.9600000000,1.0000000000
48,380,0.5700000000,0.9600000000,1.0000000000
48,381,0.5700000000,0.9600000000,1.0000000000
48,419,0.8600000000,0.9600000000,1.0000000000
48,420,0.8600000000,0.9600000000,1.0000000000
48,463,0.8600000000,0.9600000000,1.0000000000
48,485,0.8600000000,0.9600000000,1.0000000000
48,513,0.8600000000,0.9600000000,1.0000000000
48,540,0.5700000000,0.9600000000,1.0000000000
48,541,0.5700000000,0.9600000000,1.0000000000
48,543,0.5700000000,0.9600000000,1.0000000000
48,547,0.8600000000,0.9600000000,1.0000000000
48,830,0.5700000000,0.9600000000,1.0000000000
48,831,0.5700000000,0.9600000000,1.0000000000
48,832,0.5700000000,0.9600000000,1.0000000000
48,833,0.5700000000,0.9600000000,1.0000000000
48,834,0.5700000000,0.9600000000,1.0000000000
48,883,0.8600000000,0.9600000000,1.0000000000
48,893,0.5700000000,0.9600000000,1.0000000000
48,894,0.5700000000,0.9600000000,1.0000000000
48,898,0.5700000000,0.9600000000,1.0000000000
48,900,0.5700000000,0.9600000000,1.0000000000
48,902,0.5700000000,0.9600000000,1.0000000000
48,906,0.5700000000,0.9600000000,1.0000000000
48,941,0.8600000000,0.9600000000,1.0000000000
48,963,1.0000000000,0.9600000000,1.0000000000
48,1201,0.8600000000,0.9600000000,1.0000000000
48,1202,0.5700000000,0.9600000000,1.0000000000
48,1283,0.5700000000,0.9600000000,1.0000000000
48,1305,1.0000000000,0.9600000000,1.0000000000
48,1527,0.5700000000,0.9600000000,1.0000000000
48,1534,0.5700000000,0.9600000000,1.0000000000
48,1538,0.8600000000,0.9600000000,1.0000000000
52,25,1.0000000000,1.0000000000,1.0000000000
52,26,1.0000000000,1.0000000000,1.0000000000
52,27,1.0000000000,1.0000000000,1.0000000000
52,28,1.0000000000,1.0000000000,1.0000000000
52,31,1.0000000000,1.0000000000,1.0000000000
52,324,1.0000000000,1.0000000000,1.0000000000
52,358,1.0000000000,1.0000000000,1.0000000000
52,380,1.0000000000,1.0000000000,1.0000000000
52,381,1.0000000000,1.0000000000,1.0000000000
52,419,1.0000000000,1.0000000000,1.0000000000
52,420,1.0000000000,1.0000000000,1.0000000000
52,463,1.0000000000,1.0000000000,1.0000000000
52,485,1.0000000000,1.0000000000,1.0000000000
52,513,1.0000000000,1.0000000000,1.0000000000
52,540,1.0000000000,1.0000000000,1.0000000000
52,541,1.0000000000,1.0000000000,1.0000000000
52,543,1.0000000000,1.0000000000,1.0000000000
52,547,1.0000000000,1.0000000000,1.0000000000
52,830,1.0000000000,1.0000000000,1.0000000000
52,831,1.0000000000,1.0000000000,1.0000000000
52,832,1.0000000000,1.0000000000,1.0000000000
52,833,1.0000000000,1.0000000000,1.0000000000
52,834,1.0000000000,1.0000000000,1.0000000000
52,883,1.0000000000,1.0000000000,1.0000000000
52,893,1.0000000000,1.0000000000,1.0000000000
52,894,1.0000000000,1.0000000000,1.0000000000
52,898,1.0000000000,1.0000000000,1.0000000000
52,900,1.0000000000,1.0000000000,1.0000000000
52,902,1.0000000000,1.0000000000,1.0000000000
52,906,1.0000000000,1.0000000000,1.0000000000
52,941,1.0000000000,1.0000000000,1.0000000000
52,963,1.0000000000,1.0000000000,1.0000000000
52,1201,1.0000000000,1.0000000000,1.0000000000
52,1202,1.0000000000,1.0000000000,1.0000000000
52,1283,1.0000000000,1.0000000000,1.0000000000
52,1305,1.0000000000,1.0000000000,1.0000000000
52,1527,1.0000000000,1.0000000000,1.0000000000
52,1534,1.0000000000,1.0000000000,1.0000000000
52,1538,1.0000000000,1.0000000000,1.0000000000
54,25,0.7100000000,0.9800000000,1.0000000000
54,26,0.7100000000,0.9800000000,1.0000000000
54,27,0.7100000000,0.9800000000,1.0000000000
54,28,0.7100000000,0.9800000000,1.0000000000
54,31,0.7100000000,0.9800000000,1.0000000000
54,324,1.0000000000,0.9800000000,1.0000000000
54,358,1.0000000000,0.9800000000,1.0000000000
54,380,1.0000000000,0.9800000000,1.0000000000
54,381,1.0000000000,0.9800000000,1.0000000000
54,419,0.7100000000,0.9800000000,1.0000000000
54,420,0.7100000000,0.9800000000,1.0000000000
54,463,0.7100000000,0.9800000000,1.0000000000
54,485,0.7100000000,0.9800000000,1.0000000000
54,513,0.7100000000,0.9800000000,1.0000000000
54,540,1.0000000000,0.9800000000,1.0000000000
54,541,1.0000000000,0.9800000000,1.0000000000
54,543,1.0000000000,0.9800000000,1.0000000000
54,547,0.7100000000,0.9800000000,1.0000000000
54,830,1.0000000000,0.9800000000,1.0000000000
54,831,1.0000000000,0.9800000000,1.0000000000
54,832,1.0000000000,0.9800000000,1.0000000000
54,833,1.0000000000,0.9800000000,1.0000000000
54,834,1.0000000000,0.9800000000,1.0000000000
54,883,0.7100000000,0.9800000000,1.0000000000
54,893,1.0000000000,0.9800000000,1.0000000000
54,894,1.0000000000,0.9800000000,1.0000000000
54,898,1.0000000000,0.9800000000,1.0000000000
54,900,1.0000000000,0.9800000000,1.0000000000
54,902,1.0000000000,0.9800000000,1.0000000000
54,906,1.0000000000,0.9800000000,1.0000000000
54,941,0.7100000000,0.9800000000,1.0000000000
54,963,1.0000000000,0.9800000000,1.0000000000
54,1201,0.7100000000,0.9800000000,1.0000000000
54,1202,1.0000000000,0.9800000000,1.0000000000
54,1283,1.0000000000,0.9800000000,1.0000000000
54,1305,1.0000000000,0.9800000000,1.0000000000
54,1527,1.0000000000,0.9800000000,1.0000000000
54,1534,1.0000000000,0.9800000000,1.0000000000
54,1538,0.7100000000,0.9800000000,1.0000000000
56,25,0.7100000000,0.9700000000,1.0000000000
56,26,0.7100000000,0.9700000000,1.0000000000
56,27,0.7100000000,0.9700000000,1.0000000000
56,28,0.7100000000,0.9700000000,1.0000000000
56,31,0.7100000000,0.9700000000,1.0000000000
56,324,0.8600000000,0.9700000000,1.0000000000
56,358,0.8600000000,0.9700000000,1.0000000000
56,380,0.8600000000,0.9700000000,1.0000000000
56,381,0.8600000000,0.9700000000,1.0000000000
56,419,0.7100000000,0.9700000000,1.0000000000
56,420,0.7100000000,0.9700000000,1.0000000000
56,463,0.7100000000,0.9700000000,1.0000000000
56,485,0.7100000000,0.9700000000,1.0000000000
56,513,0.7100000000,0.9700000000,1.0000000000
56,540,0.8600000000,0.9700000000,1.0000000000
56,541,0.8600000000,0.9700000000,1.0000000000
56,543,0.8600000000,0.9700000000,1.0000000000
56,547,0.7100000000,0.9700000000,1.0000000000
56,830,0.8600000000,0.9700000000,1.0000000000
56,831,0.8600000000,0.9700000000,1.0000000000
56,832,0.8600000000,0.9700000000,1.0000000000
56,833,0.8600000000,0.9700000000,1.0000000000
56,834,0.8600000000,0.9700000000,1.0000000000
56,883,0.7100000000,0.9700000000,1.0000000000
56,893,0.8600000000,0.9700000000,1.0000000000
56,894,0.8600000000,0.9700000000,1.0000000000
56,898,0.8600000000,0.9700000000,1.0000000000
56,900,0.8600000000,0.9700000000,1.0000000000
56,902,0.8600000000,0.9700000000,1.0000000000
56,906,0.8600000000,0.9700000000,1.0000000000
56,941,0.7100000000,0.9700000000,1.0000000000
56,963,1.0000000000,0.9700000000,1.0000000000
56,1201,0.7100000000,0.9700000000,1.0000000000
56,1202,0.8600000000,0.9700000000,1.0000000000
56,1283,0.8600000000,0.9700000000,1.0000000000
56,1305,1.0000000000,0.9700000000,1.0000000000
56,1527,0.8600000000,0.9700000000,1.0000000000
56,1534,0.8600000000,0.9700000000,1.0000000000
56,1538,0.7100000000,0.9700000000,1.0000000000
57,25,0.7100000000,0.9600000000,1.0000000000
57,26,0.7100000000,0.9600000000,1.0000000000
57,27,0.7100000000,0.9600000000,1.0000000000
57,28,0.7100000000,0.9600000000,1.0000000000
57,31,0.7100000000,0.9600000000,1.0000000000
57,324,0.7100000000,0.9600000000,1.0000000000
57,358,0.7100000000,0.9600000000,1.0000000000
57,380,0.7100000000,0.9600000000,1.0000000000
57,381,0.7100000000,0.9600000000,1.0000000000
57,419,0.7100000000,0.9600000000,1.0000000000
57,420,0.7100000000,0.9600000000,1.0000000000
57,463,0.7100000000,0.9600000000,1.0000000000
57,485,0.7100000000,0.9600000000,1.0000000000
57,513,0.7100000000,0.9600000000,1.0000000000
57,540,0.7100000000,0.9600000000,1.0000000000
57,541,0.7100000000,0.9600000000,1.0000000000
57,543,0.7100000000,0.9600000000,1.0000000000
57,547,0.7100000000,0.9600000000,1.0000000000
57,830,0.7100000000,0.9600000000,1.0000000000
57,831,0.7100000000,0.9600000000,1.0000000000
57,832,0.7100000000,0.9600000000,1.0000000000
57,833,0.7100000000,0.9600000000,1.0000000000
57,834,0.7100000000,0.9600000000,1.0000000000
57,883,0.7100000000,0.9600000000,1.0000000000
57,893,0.7100000000,0.9600000000,1.0000000000
57,894,0.7100000000,0.9600000000,1.0000000000
57,898,0.7100000000,0.9600000000,1.0000000000
57,900,0.7100000000,0.9600000000,1.0000000000
57,902,0.7100000000,0.9600000000,1.0000000000
57,906,0.7100000000,0.9600000000,1.0000000000
57,941,0.7100000000,0.9600000000,1.0000000000
57,963,1.0000000000,0.9600000000,1.0000000000
57,1201,0.7100000000,0.9600000000,1.0000000000
57,1202,0.7100000000,0.9600000000,1.0000000000
57,1283,0.7100000000,0.9600000000,1.0000000000
57,1305,1.0000000000,0.9600000000,1.0000000000
57,1527,0.7100000000,0.9600000000,1.0000000000
57,1534,0.7100000000,0.9600000000,1.0000000000
57,1538,0.7100000000,0.9600000000,1.0000000000
58,25,0.7100000000,0.9500000000,1.0000000000
58,26,0.7100000000,0.9500000000,1.0000000000
58,27,0.7100000000,0.9500000000,1.0000000000
58,28,0.7100000000,0.9500000000,1.0000000000
58,31,0.7100000000,0.9500000000,1.0000000000
58,324,0.5700000000,0.9500000000,1.0000000000
58,358,0.5700000000,0.9500000000,1.0000000000
58,380,0.5700000000,0.9500000000,1.0000000000
58,381,0.5700000000,0.9500000000,1.0000000000
58,419,0.7100000000,0.9500000000,1.0000000000
58,420,0.7100000000,0.9500000000,1.0000000000
58,463,0.7100000000,0.9500000000,1.0000000000
58,485,0.7100000000,0.9500000000,1.0000000000
58,513,0.7100000000,0.9500000000,1.0000000000
58,540,0.5700000000,0.9500000000,1.0000000000
58,541,0.5700000000,0.9500000000,1.0000000000
58,543,0.5700000000,0.9500000000,1.0000000000
58,547,0.7100000000,0.9500000000,1.0000000000
58,830,0.5700000000,0.9500000000,1.0000000000
58,831,0.5700000000,0.9500000000,1.0000000000
58,832,0.5700000000,0.9500000000,1.0000000000
58,833,0.5700000000,0.9500000000,1.0000000000
58,834,0.5700000000,0.9500000000,1.0000000000
58,883,0.7100000000,0.9500000000,1.0000000000
58,893,0.5700000000,0.9500000000,1.0000000000
58,894,0.5700000000,0.9500000000,1.0000000000
58,898,0.5700000000,0.9500000000,1.0000000000
58,900,0.5700000000,0.9500000000,1.0000000000
58,902,0.5700000000,0.9500000000,1.0000000000
58,906,0.5700000000,0.9500000000,1.0000000000
58,941,0.7100000000,0.9500000000,1.0000000000
58,963,1.0000000000,0.9500000000,1.0000000000
58,1201,0.7100000000,0.9500000000,1.0000000000
58,1202,0.5700000000,0.9500000000,1.0000000000
58,1283,0.5700000000,0.9500000000,1.0000000000
58,1305,1.0000000000,0.9500000000,1.0000000000
58,1527,0.5700000000,0.9500000000,1.0000000000
58,1534,0.5700000000,0.9500000000,1.0000000000
58,1538,0.7100000000,0.9500000000,1.0000000000
59,25,0.5700000000,0.9700000000,1.0000000000
59,26,0.5700000000,0.9700000000,1.0000000000
59,27,0.5700000000,0.9700000000,1.0000000000
59,28,0.5700000000,0.9700000000,1.0000000000
59,31,0.5700000000,0.9700000000,1.0000000000
59,324,1.0000000000,0.9700000000,1.0000000000
59,358,1.0000000000,0.9700000000,1.0000000000
59,380,1.0000000000,0.9700000000,1.0000000000
59,381,1.0000000000,0.9700000000,1.0000000000
59,419,0.5700000000,0.9700000000,1.0000000000
59,420,0.5700000000,0.9700000000,1.0000000000
59,463,0.5700000000,0.9700000000,1.0000000000
59,485,0.5700000000,0.9700000000,1.0000000000
59,513,0.5700000000,0.9700000000,1.0000000000
59,540,1.0000000000,0.9700000000,1.0000000000
59,541,1.0000000000,0.9700000000,1.0000000000
59,543,1.0000000000,0.9700000000,1.0000000000
59,547,0.5700000000,0.9700000000,1.0000000000
59,830,1.0000000000,0.9700000000,1.0000000000
59,831,1.0000000000,0.9700000000,1.0000000000
59,832,1.0000000000,0.9700000000,1.0000000000
59,833,1.0000000000,0.9700000000,1.0000000000
59,834,1.0000000000,0.9700000000,1.0000000000
59,883,0.5700000000,0.9700000000,1.0000000000
59,893,1.0000000000,0.9700000000,1.0000000000
59,894,1.0000000000,0.9700000000,1.0000000000
59,898,1.0000000000,0.9700000000,1.0000000000
59,900,1.0000000000,0.9700000000,1.0000000000
59,902,1.0000000000,0.9700000000,1.0000000000
59,906,1.0000000000,0.9700000000,1.0000000000
59,941,0.5700000000,0.9700000000,1.0000000000
59,963,1.0000000000,0.9700000000,1.0000000000
59,1201,0.5700000000,0.9700000000,1.0000000000
59,1202,1.0000000000,0.9700000000,1.0000000000
59,1283,1.0000000000,0.9700000000,1.0000000000
59,1305,1.0000000000,0.9700000000,1.0000000000
59,1527,1.0000000000,0.9700000000,1.0000000000
59,1534,1.0000000000,0.9700000000,1.0000000000
59,1538,0.5700000000,0.9700000000,1.0000000000
60,25,0.5700000000,0.9600000000,1.0000000000
60,26,0.5700000000,0.9600000000,1.0000000000
60,27,0.5700000000,0.9600000000,1.0000000000
60,28,0.5700000000,0.9600000000,1.0000000000
60,31,0.5700000000,0.9600000000,1.0000000000
60,324,0.8600000000,0.9600000000,1.0000000000
60,358,0.8600000000,0.9600000000,1.0000000000
60,380,0.8600000000,0.9600000000,1.0000000000
60,381,0.8600000000,0.9600000000,1.0000000000
60,419,0.5700000000,0.9600000000,1.0000000000
60,420,0.5700000000,0.9600000000,1.0000000000
60,463,0.5700000000,0.9600000000,1.0000000000
60,485,0.5700000000,0.9600000000,1.0000000000
60,513,0.5700000000,0.9600000000,1.0000000000
60,540,0.8600000000,0.9600000000,1.0000000000
60,541,0.8600000000,0.9600000000,1.0000000000
60,543,0.8600000000,0.9600000000,1.0000000000
60,547,0.5700000000,0.9600000000,1.0000000000
60,830,0.8600000000,0.9600000000,1.0000000000
60,831,0.8600000000,0.9600000000,1.0000000000
60,832,0.8600000000,0.9600000000,1.0000000000
60,833,0.8600000000,0.9600000000,1.0000000000
60,834,0.8600000000,0.9600000000,1.0000000000
60,883,0.5700000000,0.9600000000,1.0000000000
60,893,0.8600000000,0.9600000000,1.0000000000
60,894,0.8600000000,0.9600000000,1.0000000000
60,898,0.8600000000,0.9600000000,1.0000000000
60,900,0.8600000000,0.9600000000,1.0000000000
60,902,0.8600000000,0.9600000000,1.0000000000
60,906,0.8600000000,0.9600000000,1.0000000000
60,941,0.5700000000,0.9600000000,1.0000000000
60,963,1.0000000000,0.9600000000,1.0000000000
60,1201,0.5700000000,0.9600000000,1.0000000000
60,1202,0.8600000000,0.9600000000,1.0000000000
60,1283,0.8600000000,0.9600000000,1.0000000000
60,1305,1.0000000000,0.9600000000,1.0000000000
60,1527,0.8600000000,0.9600000000,1.0000000000
60,1534,0.8600000000,0.9600000000,1.0000000000
60,1538,0.5700000000,0.9600000000,1.0000000000
61,25,0.5700000000,0.9500000000,1.0000000000
61,26,0.5700000000,0.9500000000,1.0000000000
61,27,0.5700000000,0.9500000000,1.0000000000
61,28,0.5700000000,0.9500000000,1.0000000000
61,31,0.5700000000,0.9500000000,1.0000000000
61,324,0.7100000000,0.9500000000,1.0000000000
61,358,0.7100000000,0.9500000000,1.0000000000
61,380,0.7100000000,0.9500000000,1.0000000000
61,381,0.7100000000,0.9500000000,1.0000000000
61,419,0.5700000000,0.9500000000,1.0000000000
61,420,0.5700000000,0.9500000000,1.0000000000
61,463,0.5700000000,0.9500000000,1.0000000000
61,485,0.5700000000,0.9500000000,1.0000000000
61,513,0.5700000000,0.9500000000,1.0000000000
61,540,0.7100000000,0.9500000000,1.0000000000
61,541,0.7100000000,0.9500000000,1.0000000000
61,543,0.7100000000,0.9500000000,1.0000000000
61,547,0.5700000000,0.9500000000,1.0000000000
61,830,0.7100000000,0.9500000000,1.0000000000
61,831,0.7100000000,0.9500000000,1.0000000000
61,832,0.7100000000,0.9500000000,1.0000000000
61,833,0.7100000000,0.9500000000,1.0000000000
61,834,0.7100000000,0.9500000000,1.0000000000
61,883,0.5700000000,0.9500000000,1.0000000000
61,893,0.7100000000,0.9500000000,1.0000000000
61,894,0.7100000000,0.9500000000,1.0000000000
61,898,0.7100000000,0.9500000000,1.0000000000
61,900,0.7100000000,0.9500000000,1.0000000000
61,902,0.7100000000,0.9500000000,1.0000000000
61,906,0.7100000000,0.9500000000,1.0000000000
61,941,0.5700000000,0.9500000000,1.0000000000
61,963,1.0000000000,0.9500000000,1.0000000000
61,1201,0.5700000000,0.9500000000,1.0000000000
61,1202,0.7100000000,0.9500000000,1.0000000000
61,1283,0.7100000000,0.9500000000,1.0000000000
61,1305,1.0000000000,0.9500000000,1.0000000000
61,1527,0.7100000000,0.9500000000,1.0000000000
61,1534,0.7100000000,0.9500000000,1.0000000000
61,1538,0.5700000000,0.9500000000,1.0000000000
62,25,1.0000000000,1.0000000000,1.0000000000
62,26,1.0000000000,1.0000000000,1.0000000000
62,27,1.0000000000,1.0000000000,1.0000000000
62,28,1.0000000000,1.0000000000,1.0000000000
62,31,1.0000000000,1.0000000000,1.0000000000
62,324,1.0000000000,1.0000000000,1.0000000000
62,358,1.0000000000,1.0000000000,1.0000000000
62,380,1.0000000000,1.0000000000,1.0000000000
62,381,1.0000000000,1.0000000000,1.0000000000
62,419,1.0000000000,1.0000000000,1.0000000000
62,420,1.0000000000,1.0000000000,1.0000000000
62,463,1.0000000000,1.0000000000,1.0000000000
62,485,1.0000000000,1.0000000000,1.0000000000
62,513,1.0000000000,1.0000000000,1.0000000000
62,540,1.0000000000,1.0000000000,1.0000000000
62,541,1.0000000000,1.0000000000,1.0000000000
62,543,1.0000000000,1.0000000000,1.0000000000
62,547,1.0000000000,1.0000000000,1.0000000000
62,830,1.0000000000,1.0000000000,1.0000000000
62,831,1.0000000000,1.0000000000,1.0000000000
62,832,1.0000000000,1.0000000000,1.0000000000
62,833,1.0000000000,1.0000000000,1.0000000000
62,834,1.0000000000,1.0000000000,1.0000000000
62,883,1.0000000000,1.0000000000,1.0000000000
62,893,1.0000000000,1.0000000000,1.0000000000
62,894,1.0000000000,1.0000000000,1.0000000000
62,898,1.0000000000,1.0000000000,1.0000000000
62,900,1.0000000000,1.0000000000,1.0000000000
62,902,1.0000000000,1.0000000000,1.0000000000
62,906,1.0000000000,1.0000000000,1.0000000000
62,941,1.0000000000,1.0000000000,1.0000000000
62,963,1.0000000000,1.0000000000,1.0000000000
62,1201,1.0000000000,1.0000000000,1.0000000000
62,1202,1.0000000000,1.0000000000,1.0000000000
62,1283,1.0000000000,1.0000000000,1.0000000000
62,1305,1.0000000000,1.0000000000,1.0000000000
62,1527,1.0000000000,1.0000000000,1.0000000000
62,1534,1.0000000000,1.0000000000,1.0000000000
62,1538,1.0000000000,1.0000000000,1.0000000000
66,25,1.0000000000,0.9900000000,1.0000000000
66,26,1.0000000000,0.9900000000,1.0000000000
66,27,1.0000000000,0.9900000000,1.0000000000
66,28,1.0000000000,0.9900000000,1.0000000000
66,31,1.0000000000,0.9900000000,1.0000000000
66,324,0.8600000000,0.9900000000,1.0000000000
66,358,0.8600000000,0.9900000000,1.0000000000
66,380,0.8600000000,0.9900000000,1.0000000000
66,381,0.8600000000,0.9900000000,1.0000000000
66,419,1.0000000000,0.9900000000,1.0000000000
66,420,1.0000000000,0.9900000000,1.0000000000
66,463,1.0000000000,0.9900000000,1.0000000000
66,485,1.0000000000,0.9900000000,1.0000000000
66,513,1.0000000000,0.9900000000,1.0000000000
66,540,0.8600000000,0.9900000000,1.0000000000
66,541,0.8600000000,0.9900000000,1.0000000000
66,543,0.8600000000,0.9900000000,1.0000000000
66,547,1.0000000000,0.9900000000,1.0000000000
66,830,0.8600000000,0.9900000000,1.0000000000
66,831,0.8600000000,0.9900000000,1.0000000000
66,832,0.8600000000,0.9900000000,1.0000000000
66,833,0.8600000000,0.9900000000,1.0000000000
66,834,0.8600000000,0.9900000000,1.0000000000
66,883,1.0000000000,0.9900000000,1.0000000000
66,893,0.8600000000,0.9900000000,1.0000000000
66,894,0.8600000000,0.9900000000,1.0000000000
66,898,0.8600000000,0.9900000000,1.0000000000
66,900,0.8600000000,0.9900000000,1.0000000000
66,902,0.8600000000,0.9900000000,1.0000000000
66,906,0.8600000000,0.9900000000,1.0000000000
66,941,1.0000000000,0.9900000000,1.0000000000
66,963,1.0000000000,0.9900000000,1.0000000000
66,1201,1.0000000000,0.9900000000,1.0000000000
66,1202,0.8600000000,0.9900000000,1.0000000000
66,1283,0.8600000000,0.9900000000,1.0000000000
66,1305,1.0000000000,0.9900000000,1.0000000000
66,1527,0.8600000000,0.9900000000,1.0000000000
66,1534,0.8600000000,0.9900000000,1.0000000000
66,1538,1.0000000000,0.9900000000,1.0000000000
67,25,1.0000000000,0.9800000000,1.0000000000
67,26,1.0000000000,0.9800000000,1.0000000000
67,27,1.0000000000,0.9800000000,1.0000000000
67,28,1.0000000000,0.9800000000,1.0000000000
67,31,1.0000000000,0.9800000000,1.0000000000
67,324,0.7100000000,0.9800000000,1.0000000000
67,358,0.7100000000,0.9800000000,1.0000000000
67,380,0.7100000000,0.9800000000,1.0000000000
67,381,0.7100000000,0.9800000000,1.0000000000
67,419,1.0000000000,0.9800000000,1.0000000000
67,420,1.0000000000,0.9800000000,1.0000000000
67,463,1.0000000000,0.9800000000,1.0000000000
67,485,1.0000000000,0.9800000000,1.0000000000
67,513,1.0000000000,0.9800000000,1.0000000000
67,540,0.7100000000,0.9800000000,1.0000000000
67,541,0.7100000000,0.9800000000,1.0000000000
67,543,0.7100000000,0.9800000000,1.0000000000
67,547,1.0000000000,0.9800000000,1.0000000000
67,830,0.7100000000,0.9800000000,1.0000000000
67,831,0.7100000000,0.9800000000,1.0000000000
67,832,0.7100000000,0.9800000000,1.0000000000
67,833,0.7100000000,0.9800000000,1.0000000000
67,834,0.7100000000,0.9800000000,1.0000000000
67,883,1.0000000000,0.9800000000,1.0000000000
67,893,0.7100000000,0.9800000000,1.0000000000
67,894,0.7100000000,0.9800000000,1.0000000000
67,898,0.7100000000,0.9800000000,1.0000000000
67,900,0.7100000000,0.9800000000,1.0000000000
67,902,0.7100000000,0.9800000000,1.0000000000
67,906,0.7100000000,0.9800000000,1.0000000000
67,941,1.0000000000,0.9800000000,1.0000000000
67,963,1.0000000000,0.9800000000,1.0000000000
67,1201,1.0000000000,0.9800000000,1.0000000000
67,1202,0.7100000000,0.9800000000,1.0000000000
67,1283,0.7100000000,0.9800000000,1.0000000000
67,1305,1.0000000000,0.9800000000,1.0000000000
67,1527,0.7100000000,0.9800000000,1.0000000000
67,1534,0.7100000000,0.9800000000,1.0000000000
67,1538,1.0000000000,0.9800000000,1.0000000000
68,25,1.0000000000,0.9700000000,1.0000000000
68,26,1.0000000000,0.9700000000,1.0000000000
68,27,1.0000000000,0.9700000000,1.0000000000
68,28,1.0000000000,0.9700000000,1.0000000000
68,31,1.0000000000,0.9700000000,1.0000000000
68,324,0.5700000000,0.9700000000,1.0000000000
68,358,0.5700000000,0.9700000000,1.0000000000
68,380,0.5700000000,0.9700000000,1.0000000000
68,381,0.5700000000,0.9700000000,1.0000000000
68,419,1.0000000000,0.9700000000,1.0000000000
68,420,1.0000000000,0.9700000000,1.0000000000
68,463,1.0000000000,0.9700000000,1.0000000000
68,485,1.0000000000,0.9700000000,1.0000000000
68,513,1.0000000000,0.9700000000,1.0000000000
68,540,0.5700000000,0.9700000000,1.0000000000
68,541,0.5700000000,0.9700000000,1.0000000000
68,543,0.5700000000,0.9700000000,1.0000000000
68,547,1.0000000000,0.9700000000,1.0000000000
68,830,0.5700000000,0.9700000000,1.0000000000
68,831,0.5700000000,0.9700000000,1.0000000000
68,832,0.5700000000,0.9700000000,1.0000000000
68,833,0.5700000000,0.9700000000,1.0000000000
68,834,0.5700000000,0.9700000000,1.0000000000
68,883,1.0000000000,0.9700000000,1.0000000000
68,893,0.5700000000,0.9700000000,1.0000000000
68,894,0.5700000000,0.9700000000,1.0000000000
68,898,0.5700000000,0.9700000000,1.0000000000
68,900,0.5700000000,0.9700000000,1.0000000000
68,902,0.5700000000,0.9700000000,1.0000000000
68,906,0.5700000000,0.9700000000,1.0000000000
68,941,1.0000000000,0.9700000000,1.0000000000
68,963,1.0000000000,0.9700000000,1.0000000000
68,1201,1.0000000000,0.9700000000,1.0000000000
68,1202,0.5700000000,0.9700000000,1.0000000000
68,1283,0.5700000000,0.9700000000,1.0000000000
68,1305,1.0000000000,0.9700000000,1.0000000000
68,1527,0.5700000000,0.9700000000,1.0000000000
68,1534,0.5700000000,0.9700000000,1.0000000000
68,1538,1.0000000000,0.9700000000,1.0000000000
70,25,1.0000000000,1.0000000000,1.0000000000
70,26,1.0000000000,1.0000000000,1.0000000000
70,27,1.0000000000,1.0000000000,1.0000000000
70,28,1.0000000000,1.0000000000,1.0000000000
70,31,1.0000000000,1.0000000000,1.0000000000
70,324,1.0000000000,1.0000000000,1.0000000000
70,334,0.8000000000,1.0000000000,1.0000000000
70,358,1.0000000000,1.0000000000,1.0000000000
70,380,1.0000000000,1.0000000000,1.0000000000
70,381,1.0000000000,1.0000000000,1.0000000000
70,419,1.0000000000,1.0000000000,1.0000000000
70,420,1.0000000000,1.0000000000,1.0000000000
70,463,1.0000000000,1.0000000000,1.0000000000
70,485,1.0000000000,1.0000000000,1.0000000000
70,513,1.0000000000,1.0000000000,1.0000000000
70,540,1.0000000000,1.0000000000,1.0000000000
70,543,1.0000000000,1.0000000000,1.0000000000
70,547,1.0000000000,1.0000000000,1.0000000000
70,830,1.0000000000,1.0000000000,1.0000000000
70,831,1.0000000000,1.0000000000,1.0000000000
70,832,1.0000000000,1.0000000000,1.0000000000
70,833,1.0000000000,1.0000000000,1.0000000000
70,834,1.0000000000,1.0000000000,1.0000000000
70,883,1.0000000000,1.0000000000,1.0000000000
70,893,1.0000000000,1.0000000000,1.0000000000
70,894,1.0000000000,1.0000000000,1.0000000000
70,898,1.0000000000,1.0000000000,1.0000000000
70,900,1.0000000000,1.0000000000,1.0000000000
70,902,1.0000000000,1.0000000000,1.0000000000
70,906,1.0000000000,1.0000000000,1.0000000000
70,941,1.0000000000,1.0000000000,1.0000000000
70,963,1.0000000000,1.0000000000,1.0000000000
70,1201,1.0000000000,1.0000000000,1.0000000000
70,1202,1.0000000000,1.0000000000,1.0000000000
70,1283,1.0000000000,1.0000000000,1.0000000000
70,1305,1.0000000000,1.0000000000,1.0000000000
70,1527,1.0000000000,1.0000000000,1.0000000000
70,1534,1.0000000000,1.0000000000,1.0000000000
70,1538,1.0000000000,1.0000000000,1.0000000000
79,25,1.0000000000,1.0000000000,1.0000000000
79,26,1.0000000000,1.0000000000,1.0000000000
79,27,1.0000000000,1.0000000000,1.0000000000
79,28,1.0000000000,1.0000000000,1.0000000000
79,31,1.0000000000,1.0000000000,1.0000000000
79,324,1.0000000000,1.0000000000,1.0000000000
79,334,0.6000000000,1.0000000000,1.0000000000
79,358,1.0000000000,1.0000000000,1.0000000000
79,380,1.0000000000,1.0000000000,1.0000000000
79,381,1.0000000000,1.0000000000,1.0000000000
79,419,1.0000000000,1.0000000000,1.0000000000
79,420,1.0000000000,1.0000000000,1.0000000000
79,463,1.0000000000,1.0000000000,1.0000000000
79,485,1.0000000000,1.0000000000,1.0000000000
79,513,1.0000000000,1.0000000000,1.0000000000
79,540,1.0000000000,1.0000000000,1.0000000000
79,541,1.0000000000,1.0000000000,1.0000000000
79,543,1.0000000000,1.0000000000,1.0000000000
79,547,1.0000000000,1.0000000000,1.0000000000
79,830,1.0000000000,1.0000000000,1.0000000000
79,831,1.0000000000,1.0000000000,1.0000000000
79,832,1.0000000000,1.0000000000,1.0000000000
79,833,1.0000000000,1.0000000000,1.0000000000
79,834,1.0000000000,1.0000000000,1.0000000000
79,883,1.0000000000,1.0000000000,1.0000000000
79,893,1.0000000000,1.0000000000,1.0000000000
79,894,1.0000000000,1.0000000000,1.0000000000
79,898,1.0000000000,1.0000000000,1.0000000000
79,900,1.0000000000,1.0000000000,1.0000000000
79,902,1.0000000000,1.0000000000,1.0000000000
79,906,1.0000000000,1.0000000000,1.0000000000
79,941,1.0000000000,1.0000000000,1.0000000000
79,963,1.0000000000,1.0000000000,1.0000000000
79,1201,1.0000000000,1.0000000000,1.0000000000
79,1202,1.0000000000,1.0000000000,1.0000000000
79,1283,1.0000000000,1.0000000000,1.0000000000
79,1305,1.0000000000,1.0000000000,1.0000000000
79,1527,1.0000000000,1.0000000000,1.0000000000
79,1534,1.0000000000,1.0000000000,1.0000000000
79,1538,1.0000000000,1.0000000000,1.0000000000
80,25,1.0000000000,1.0000000000,1.0000000000
80,26,1.0000000000,1.0000000000,1.0000000000
80,27,1.0000000000,1.0000000000,1.0000000000
80,28,1.0000000000,1.0000000000,1.0000000000
80,31,1.0000000000,1.0000000000,1.0000000000
80,324,1.0000000000,1.0000000000,1.0000000000
80,334,0.4000000000,1.0000000000,1.0000000000
80,358,1.0000000000,1.0000000000,1.0000000000
80,380,1.0000000000,1.0000000000,1.0000000000
80,381,1.0000000000,1.0000000000,1.0000000000
80,419,1.0000000000,1.0000000000,1.0000000000
80,420,1.0000000000,1.0000000000,1.0000000000
80,463,1.0000000000,1.0000000000,1.0000000000
80,485,1.0000000000,1.0000000000,1.0000000000
80,513,1.0000000000,1.0000000000,1.0000000000
80,540,1.0000000000,1.0000000000,1.0000000000
80,541,1.0000000000,1.0000000000,1.0000000000
80,543,1.0000000000,1.0000000000,1.0000000000
80,547,1.0000000000,1.0000000000,1.0000000000
80,830,1.0000000000,1.0000000000,1.0000000000
80,831,1.0000000000,1.0000000000,1.0000000000
80,832,1.0000000000,1.0000000000,1.0000000000
80,833,1.0000000000,1.0000000000,1.0000000000
80,834,1.0000000000,1.0000000000,1.0000000000
80,883,1.0000000000,1.0000000000,1.0000000000
80,893,1.0000000000,1.0000000000,1.0000000000
80,894,1.0000000000,1.0000000000,1.0000000000
80,898,1.0000000000,1.0000000000,1.0000000000
80,900,1.0000000000,1.0000000000,1.0000000000
80,902,1.0000000000,1.0000000000,1.0000000000
80,906,1.0000000000,1.0000000000,1.0000000000
80,941,1.0000000000,1.0000000000,1.0000000000
80,963,1.0000000000,1.0000000000,1.0000000000
80,1201,1.0000000000,1.0000000000,1.0000000000
80,1202,1.0000000000,1.0000000000,1.0000000000
80,1283,1.0000000000,1.0000000000,1.0000000000
80,1305,1.0000000000,1.0000000000,1.0000000000
80,1527,1.0000000000,1.0000000000,1.0000000000
80,1534,1.0000000000,1.0000000000,1.0000000000
80,1538,1.0000000000,1.0000000000,1.0000000000
93,25,1.0000000000,1.0000000000,1.0000000000
93,26,1.0000000000,1.0000000000,1.0000000000
93,27,1.0000000000,1.0000000000,1.0000000000
93,28,1.0000000000,1.0000000000,1.0000000000
93,31,1.0000000000,1.0000000000,1.0000000000
93,324,1.0000000000,1.0000000000,1.0000000000
93,358,1.0000000000,1.0000000000,1.0000000000
93,380,1.0000000000,1.0000000000,1.0000000000
93,381,1.0000000000,1.0000000000,1.0000000000
93,419,1.0000000000,1.0000000000,1.0000000000
93,420,1.0000000000,1.0000000000,1.0000000000
93,463,1.0000000000,1.0000000000,1.0000000000
93,485,1.0000000000,1.0000000000,1.0000000000
93,513,1.0000000000,1.0000000000,1.0000000000
93,540,1.0000000000,1.0000000000,1.0000000000
93,541,1.0000000000,1.0000000000,1.0000000000
93,543,1.0000000000,1.0000000000,1.0000000000
93,547,1.0000000000,1.0000000000,1.0000000000
93,830,1.0000000000,1.0000000000,1.0000000000
93,831,1.0000000000,1.0000000000,1.0000000000
93,832,1.0000000000,1.0000000000,1.0000000000
93,833,1.0000000000,1.0000000000,1.0000000000
93,834,1.0000000000,1.0000000000,1.0000000000
93,873,0.8000000000,1.0000000000,1.0000000000
93,883,1.0000000000,1.0000000000,1.0000000000
93,893,1.0000000000,1.0000000000,1.0000000000
93,894,1.0000000000,1.0000000000,1.0000000000
93,898,1.0000000000,1.0000000000,1.0000000000
93,900,1.0000000000,1.0000000000,1.0000000000
93,902,1.0000000000,1.0000000000,1.0000000000
93,906,1.0000000000,1.0000000000,1.0000000000
93,941,1.0000000000,1.0000000000,1.0000000000
93,963,1.0000000000,1.0000000000,1.0000000000
93,1201,1.0000000000,1.0000000000,1.0000000000
93,1202,1.0000000000,1.0000000000,1.0000000000
93,1283,1.0000000000,1.0000000000,1.0000000000
93,1305,1.0000000000,1.0000000000,1.0000000000
93,1527,1.0000000000,1.0000000000,1.0000000000
93,1534,1.0000000000,1.0000000000,1.0000000000
93,1538,1.0000000000,1.0000000000,1.0000000000
94,25,1.0000000000,0.9900000000,1.0000000000
94,26,1.0000000000,0.9900000000,1.0000000000
94,27,1.0000000000,0.9900000000,1.0000000000
94,28,1.0000000000,0.9900000000,1.0000000000
94,31,1.0000000000,0.9900000000,1.0000000000
94,324,1.0000000000,0.9900000000,1.0000000000
94,358,1.0000000000,0.9900000000,1.0000000000
94,380,1.0000000000,0.9900000000,1.0000000000
94,381,1.0000000000,0.9900000000,1.0000000000
94,419,1.0000000000,0.9900000000,1.0000000000
94,420,1.0000000000,0.9900000000,1.0000000000
94,463,1.0000000000,0.9900000000,1.0000000000
94,485,1.0000000000,0.9900000000,1.0000000000
94,513,1.0000000000,0.9900000000,1.0000000000
94,540,1.0000000000,0.9900000000,1.0000000000
94,541,1.0000000000,0.9900000000,1.0000000000
94,543,1.0000000000,0.9900000000,1.0000000000
94,547,1.0000000000,0.9900000000,1.0000000000
94,830,1.0000000000,0.9900000000,1.0000000000
94,831,1.0000000000,0.9900000000,1.0000000000
94,832,1.0000000000,0.9900000000,1.0000000000
94,833,1.0000000000,0.9900000000,1.0000000000
94,834,1.0000000000,0.9900000000,1.0000000000
94,873,0.8000000000,0.9900000000,1.0000000000
94,883,1.0000000000,0.9900000000,1.0000000000
94,893,1.0000000000,0.9900000000,1.0000000000
94,894,1.0000000000,0.9900000000,1.0000000000
94,898,1.0000000000,0.9900000000,1.0000000000
94,900,1.0000000000,0.9900000000,1.0000000000
94,902,1.0000000000,0.9900000000,1.0000000000
94,906,1.0000000000,0.9900000000,1.0000000000
94,941,1.0000000000,0.9900000000,1.0000000000
94,963,1.0000000000,0.9900000000,1.0000000000
94,1201,1.0000000000,0.9900000000,1.0000000000
94,1202,1.0000000000,0.9900000000,1.0000000000
94,1283,1.0000000000,0.9900000000,1.0000000000
94,1305,1.0000000000,0.9900000000,1.0000000000
94,1527,1.0000000000,0.9900000000,1.0000000000
94,1534,1.0000000000,0.9900000000,1.0000000000
94,1538,1.0000000000,0.9900000000,1.0000000000
95,25,1.0000000000,0.9800000000,1.0000000000
95,26,1.0000000000,0.9800000000,1.0000000000
95,27,1.0000000000,0.9800000000,1.0000000000
95,28,1.0000000000,0.9800000000,1.0000000000
95,31,1.0000000000,0.9800000000,1.0000000000
95,324,1.0000000000,0.9800000000,1.0000000000
95,358,1.0000000000,0.9800000000,1.0000000000
95,380,1.0000000000,0.9800000000,1.0000000000
95,381,1.0000000000,0.9800000000,1.0000000000
95,419,1.0000000000,0.9800000000,1.0000000000
95,420,1.0000000000,0.9800000000,1.0000000000
95,463,1.0000000000,0.9800000000,1.0000000000
95,485,1.0000000000,0.9800000000,1.0000000000
95,513,1.0000000000,0.9800000000,1.0000000000
95,540,1.0000000000,0.9800000000,1.0000000000
95,541,1.0000000000,0.9800000000,1.0000000000
95,543,1.0000000000,0.9800000000,1.0000000000
95,547,1.0000000000,0.9800000000,1.0000000000
95,830,1.0000000000,0.9800000000,1.0000000000
95,831,1.0000000000,0.9800000000,1.0000000000
95,832,1.0000000000,0.9800000000,1.0000000000
95,833,1.0000000000,0.9800000000,1.0000000000
95,834,1.0000000000,0.9800000000,1.0000000000
95,873,0.8000000000,0.9800000000,1.0000000000
95,883,1.0000000000,0.9800000000,1.0000000000
95,893,1.0000000000,0.9800000000,1.0000000000
95,894,1.0000000000,0.9800000000,1.0000000000
95,898,1.0000000000,0.9800000000,1.0000000000
95,900,1.0000000000,0.9800000000,1.0000000000
95,902,1.0000000000,0.9800000000,1.0000000000
95,906,1.0000000000,0.9800000000,1.0000000000
95,941,1.0000000000,0.9800000000,1.0000000000
95,963,1.0000000000,0.9800000000,1.0000000000
95,1201,1.0000000000,0.9800000000,1.0000000000
95,1202,1.0000000000,0.9800000000,1.0000000000
95,1283,1.0000000000,0.9800000000,1.0000000000
95,1305,1.0000000000,0.9800000000,1.0000000000
95,1527,1.0000000000,0.9800000000,1.0000000000
95,1534,1.0000000000,0.9800000000,1.0000000000
95,1538,1.0000000000,0.9800000000,1.0000000000
96,25,1.0000000000,0.9700000000,1.0000000000
96,26,1.0000000000,0.9700000000,1.0000000000
96,27,1.0000000000,0.9700000000,1.0000000000
96,28,1.0000000000,0.9700000000,1.0000000000
96,31,1.0000000000,0.9700000000,1.0000000000
96,324,1.0000000000,0.9700000000,1.0000000000
96,358,1.0000000000,0.9700000000,1.0000000000
96,380,1.0000000000,0.9700000000,1.0000000000
96,381,1.0000000000,0.9700000000,1.0000000000
96,419,1.0000000000,0.9700000000,1.0000000000
96,420,1.0000000000,0.9700000000,1.0000000000
96,463,1.0000000000,0.9700000000,1.0000000000
96,485,1.0000000000,0.9700000000,1.0000000000
96,513,1.0000000000,0.9700000000,1.0000000000
96,540,1.0000000000,0.9700000000,1.0000000000
96,541,1.0000000000,0.9700000000,1.0000000000
96,543,1.0000000000,0.9700000000,1.0000000000
96,547,1.0000000000,0.9700000000,1.0000000000
96,830,1.0000000000,0.9700000000,1.0000000000
96,831,1.0000000000,0.9700000000,1.0000000000
96,832,1.0000000000,0.9700000000,1.0000000000
96,833,1.0000000000,0.9700000000,1.0000000000
96,834,1.0000000000,0.9700000000,1.0000000000
96,883,1.0000000000,0.9700000000,1.0000000000
96,893,1.0000000000,0.9700000000,1.0000000000
96,894,1.0000000000,0.9700000000,1.0000000000
96,898,1.0000000000,0.9700000000,1.0000000000
96,900,1.0000000000,0.9700000000,1.0000000000
96,902,1.0000000000,0.9700000000,1.0000000000
96,906,1.0000000000,0.9700000000,1.0000000000
96,941,1.0000000000,0.9700000000,1.0000000000
96,963,1.0000000000,0.9700000000,1.0000000000
96,1201,1.0000000000,0.9700000000,1.0000000000
96,1202,1.0000000000,0.9700000000,1.0000000000
96,1283,1.0000000000,0.9700000000,1.0000000000
96,1305,1.0000000000,0.9700000000,1.0000000000
96,1527,1.0000000000,0.9700000000,1.0000000000
96,1534,1.0000000000,0.9700000000,1.0000000000
96,1538,1.0000000000,0.9700000000,1.0000000000
98,25,1.0000000000,0.9900000000,1.0000000000
98,26,1.0000000000,0.9900000000,1.0000000000
98,27,1.0000000000,0.9900000000,1.0000000000
98,28,1.0000000000,0.9900000000,1.0000000000
98,31,1.0000000000,0.9900000000,1.0000000000
98,324,1.0000000000,0.9900000000,1.0000000000
98,358,1.0000000000,0.9900000000,1.0000000000
98,380,1.0000000000,0.9900000000,1.0000000000
98,381,1.0000000000,0.9900000000,1.0000000000
98,419,1.0000000000,0.9900000000,1.0000000000
98,420,1.0000000000,0.9900000000,1.0000000000
98,463,1.0000000000,0.9900000000,1.0000000000
98,485,1.0000000000,0.9900000000,1.0000000000
98,513,1.0000000000,0.9900000000,1.0000000000
98,540,1.0000000000,0.9900000000,1.0000000000
98,541,1.0000000000,0.9900000000,1.0000000000
98,543,1.0000000000,0.9900000000,1.0000000000
98,547,1.0000000000,0.9900000000,1.0000000000
98,830,1.0000000000,0.9900000000,1.0000000000
98,831,1.0000000000,0.9900000000,1.0000000000
98,832,1.0000000000,0.9900000000,1.0000000000
98,833,1.0000000000,0.9900000000,1.0000000000
98,834,1.0000000000,0.9900000000,1.0000000000
98,873,0.6000000000,0.9900000000,1.0000000000
98,883,1.0000000000,0.9900000000,1.0000000000
98,893,1.0000000000,0.9900000000,1.0000000000
98,894,1.0000000000,0.9900000000,1.0000000000
98,898,1.0000000000,0.9900000000,1.0000000000
98,900,1.0000000000,0.9900000000,1.0000000000
98,902,1.0000000000,0.9900000000,1.0000000000
98,906,1.0000000000,0.9900000000,1.0000000000
98,941,1.0000000000,0.9900000000,1.0000000000
98,963,1.0000000000,0.9900000000,1.0000000000
98,1201,1.0000000000,0.9900000000,1.0000000000
98,1202,1.0000000000,0.9900000000,1.0000000000
98,1283,1.0000000000,0.9900000000,1.0000000000
98,1305,1.0000000000,0.9900000000,1.0000000000
98,1527,1.0000000000,0.9900000000,1.0000000000
98,1534,1.0000000000,0.9900000000,1.0000000000
98,1538,1.0000000000,0.9900000000,1.0000000000
99,25,1.0000000000,0.9800000000,1.0000000000
99,26,1.0000000000,0.9800000000,1.0000000000
99,27,1.0000000000,0.9800000000,1.0000000000
99,28,1.0000000000,0.9800000000,1.0000000000
99,31,1.0000000000,0.9800000000,1.0000000000
99,324,1.0000000000,0.9800000000,1.0000000000
99,358,1.0000000000,0.9800000000,1.0000000000
99,380,1.0000000000,0.9800000000,1.0000000000
99,381,1.0000000000,0.9800000000,1.0000000000
99,419,1.0000000000,0.9800000000,1.0000000000
99,420,1.0000000000,0.9800000000,1.0000000000
99,463,1.0000000000,0.9800000000,1.0000000000
99,485,1.0000000000,0.9800000000,1.0000000000
99,513,1.0000000000,0.9800000000,1.0000000000
99,540,1.0000000000,0.9800000000,1.0000000000
99,541,1.0000000000,0.9800000000,1.0000000000
99,543,1.0000000000,0.9800000000,1.0000000000
99,547,1.0000000000,0.9800000000,1.0000000000
99,830,1.0000000000,0.9800000000,1.0000000000
99,831,1.0000000000,0.9800000000,1.0000000000
99,832,1.0000000000,0.9800000000,1.0000000000
99,833,1.0000000000,0.9800000000,1.0000000000
99,834,1.0000000000,0.9800000000,1.0000000000
99,873,0.6000000000,0.9800000000,1.0000000000
99,883,1.0000000000,0.9800000000,1.0000000000
99,893,1.0000000000,0.9800000000,1.0000000000
99,894,1.0000000000,0.9800000000,1.0000000000
99,898,1.0000000000,0.9800000000,1.0000000000
99,900,1.0000000000,0.9800000000,1.0000000000
99,902,1.0000000000,0.9800000000,1.0000000000
99,906,1.0000000000,0.9800000000,1.0000000000
99,941,1.0000000000,0.9800000000,1.0000000000
99,963,1.0000000000,0.9800000000,1.0000000000
99,1201,1.0000000000,0.9800000000,1.0000000000
99,1202,1.0000000000,0.9800000000,1.0000000000
99,1283,1.0000000000,0.9800000000,1.0000000000
99,1305,1.0000000000,0.9800000000,1.0000000000
99,1527,1.0000000000,0.9800000000,1.0000000000
99,1534,1.0000000000,0.9800000000,1.0000000000
99,1538,1.0000000000,0.9800000000,1.0000000000
100,25,1.0000000000,0.9700000000,1.0000000000
100,26,1.0000000000,0.9700000000,1.0000000000
100,27,1.0000000000,0.9700000000,1.0000000000
100,28,1.0000000000,0.9700000000,1.0000000000
100,31,1.0000000000,0.9700000000,1.0000000000
100,324,1.0000000000,0.9700000000,1.0000000000
100,358,1.0000000000,0.9700000000,1.0000000000
100,380,1.0000000000,0.9700000000,1.0000000000
100,381,1.0000000000,0.9700000000,1.0000000000
100,419,1.0000000000,0.9700000000,1.0000000000
100,420,1.0000000000,0.9700000000,1.0000000000
100,463,1.0000000000,0.9700000000,1.0000000000
100,485,1.0000000000,0.9700000000,1.0000000000
100,513,1.0000000000,0.9700000000,1.0000000000
100,540,1.0000000000,0.9700000000,1.0000000000
100,541,1.0000000000,0.9700000000,1.0000000000
100,543,1.0000000000,0.9700000000,1.0000000000
100,547,1.0000000000,0.9700000000,1.0000000000
100,830,1.0000000000,0.9700000000,1.0000000000
100,831,1.0000000000,0.9700000000,1.0000000000
100,832,1.0000000000,0.9700000000,1.0000000000
100,833,1.0000000000,0.9700000000,1.0000000000
100,834,1.0000000000,0.9700000000,1.0000000000
100,873,0.6000000000,0.9700000000,1.0000000000
100,883,1.0000000000,0.9700000000,1.0000000000
100,893,1.0000000000,0.9700000000,1.0000000000
100,894,1.0000000000,0.9700000000,1.0000000000
100,898,1.0000000000,0.9700000000,1.0000000000
100,900,1.0000000000,0.9700000000,1.0000000000
100,902,1.0000000000,0.9700000000,1.0000000000
100,906,1.0000000000,0.9700000000,1.0000000000
100,941,1.0000000000,0.9700000000,1.0000000000
100,963,1.0000000000,0.9700000000,1.0000000000
100,1201,1.0000000000,0.9700000000,1.0000000000
100,1202,1.0000000000,0.9700000000,1.0000000000
100,1283,1.0000000000,0.9700000000,1.0000000000
100,1305,1.0000000000,0.9700000000,1.0000000000
100,1527,1.0000000000,0.9700000000,1.0000000000
100,1534,1.0000000000,0.9700000000,1.0000000000
100,1538,1.0000000000,0.9700000000,1.0000000000
102,25,1.0000000000,0.9900000000,1.0000000000
102,26,1.0000000000,0.9900000000,1.0000000000
102,27,1.0000000000,0.9900000000,1.0000000000
102,28,1.0000000000,0.9900000000,1.0000000000
102,31,1.0000000000,0.9900000000,1.0000000000
102,324,1.0000000000,0.9900000000,1.0000000000
102,358,1.0000000000,0.9900000000,1.0000000000
102,380,1.0000000000,0.9900000000,1.0000000000
102,381,1.0000000000,0.9900000000,1.0000000000
102,419,1.0000000000,0.9900000000,1.0000000000
102,420,1.0000000000,0.9900000000,1.0000000000
102,463,1.0000000000,0.9900000000,1.0000000000
102,485,1.0000000000,0.9900000000,1.0000000000
102,513,1.0000000000,0.9900000000,1.0000000000
102,540,1.0000000000,0.9900000000,1.0000000000
102,541,1.0000000000,0.9900000000,1.0000000000
102,543,1.0000000000,0.9900000000,1.0000000000
102,547,1.0000000000,0.9900000000,1.0000000000
102,830,1.0000000000,0.9900000000,1.0000000000
102,831,1.0000000000,0.9900000000,1.0000000000
102,832,1.0000000000,0.9900000000,1.0000000000
102,833,1.0000000000,0.9900000000,1.0000000000
102,834,1.0000000000,0.9900000000,1.0000000000
102,873,0.4000000000,0.9900000000,1.0000000000
102,883,1.0000000000,0.9900000000,1.0000000000
102,893,1.0000000000,0.9900000000,1.0000000000
102,894,1.0000000000,0.9900000000,1.0000000000
102,898,1.0000000000,0.9900000000,1.0000000000
102,900,1.0000000000,0.9900000000,1.0000000000
102,902,1.0000000000,0.9900000000,1.0000000000
102,906,1.0000000000,0.9900000000,1.0000000000
102,941,1.0000000000,0.9900000000,1.0000000000
102,963,1.0000000000,0.9900000000,1.0000000000
102,1201,1.0000000000,0.9900000000,1.0000000000
102,1202,1.0000000000,0.9900000000,1.0000000000
102,1283,1.0000000000,0.9900000000,1.0000000000
102,1305,1.0000000000,0.9900000000,1.0000000000
102,1527,1.0000000000,0.9900000000,1.0000000000
102,1534,1.0000000000,0.9900000000,1.0000000000
102,1538,1.0000000000,0.9900000000,1.0000000000
103,25,1.0000000000,0.9800000000,1.0000000000
103,26,1.0000000000,0.9800000000,1.0000000000
103,27,1.0000000000,0.9800000000,1.0000000000
103,28,1.0000000000,0.9800000000,1.0000000000
103,31,1.0000000000,0.9800000000,1.0000000000
103,324,1.0000000000,0.9800000000,1.0000000000
103,358,1.0000000000,0.9800000000,1.0000000000
103,380,1.0000000000,0.9800000000,1.0000000000
103,381,1.0000000000,0.9800000000,1.0000000000
103,419,1.0000000000,0.9800000000,1.0000000000
103,420,1.0000000000,0.9800000000,1.0000000000
103,463,1.0000000000,0.9800000000,1.0000000000
103,485,1.0000000000,0.9800000000,1.0000000000
103,513,1.0000000000,0.9800000000,1.0000000000
103,540,1.0000000000,0.9800000000,1.0000000000
103,541,1.0000000000,0.9800000000,1.0000000000
103,543,1.0000000000,0.9800000000,1.0000000000
103,547,1.0000000000,0.9800000000,1.0000000000
103,830,1.0000000000,0.9800000000,1.0000000000
103,831,1.0000000000,0.9800000000,1.0000000000
103,832,1.0000000000,0.9800000000,1.0000000000
103,833,1.0000000000,0.9800000000,1.0000000000
103,834,1.0000000000,0.9800000000,1.0000000000
103,873,0.4000000000,0.9800000000,1.0000000000
103,883,1.0000000000,0.9800000000,1.0000000000
103,893,1.0000000000,0.9800000000,1.0000000000
103,894,1.0000000000,0.9800000000,1.0000000000
103,898,1.0000000000,0.9800000000,1.0000000000
103,900,1.0000000000,0.9800000000,1.0000000000
103,902,1.0000000000,0.9800000000,1.0000000000
103,906,1.0000000000,0.9800000000,1.0000000000
103,941,1.0000000000,0.9800000000,1.0000000000
103,963,1.0000000000,0.9800000000,1.0000000000
103,1201,1.0000000000,0.9800000000,1.0000000000
103,1202,1.0000000000,0.9800000000,1.0000000000
103,1283,1.0000000000,0.9800000000,1.0000000000
103,1305,1.0000000000,0.9800000000,1.0000000000
103,1527,1.0000000000,0.9800000000,1.0000000000
103,1534,1.0000000000,0.9800000000,1.0000000000
103,1538,1.0000000000,0.9800000000,1.0000000000
104,25,1.0000000000,0.9900000000,1.0000000000
104,26,1.0000000000,0.9900000000,1.0000000000
104,27,1.0000000000,0.9900000000,1.0000000000
104,28,1.0000000000,0.9900000000,1.0000000000
104,31,1.0000000000,0.9900000000,1.0000000000
104,324,1.0000000000,0.9900000000,1.0000000000
104,358,1.0000000000,0.9900000000,1.0000000000
104,380,1.0000000000,0.9900000000,1.0000000000
104,381,1.0000000000,0.9900000000,1.0000000000
104,419,1.0000000000,0.9900000000,1.0000000000
104,420,1.0000000000,0.9900000000,1.0000000000
104,463,1.0000000000,0.9900000000,1.0000000000
104,485,1.0000000000,0.9900000000,1.0000000000
104,513,1.0000000000,0.9900000000,1.0000000000
104,540,1.0000000000,0.9900000000,1.0000000000
104,541,1.0000000000,0.9900000000,1.0000000000
104,543,1.0000000000,0.9900000000,1.0000000000
104,547,1.0000000000,0.9900000000,1.0000000000
104,830,1.0000000000,0.9900000000,1.0000000000
104,831,1.0000000000,0.9900000000,1.0000000000
104,832,1.0000000000,0.9900000000,1.0000000000
104,833,1.0000000000,0.9900000000,1.0000000000
104,834,1.0000000000,0.9900000000,1.0000000000
104,883,1.0000000000,0.9900000000,1.0000000000
104,893,1.0000000000,0.9900000000,1.0000000000
104,894,1.0000000000,0.9900000000,1.0000000000
104,898,1.0000000000,0.9900000000,1.0000000000
104,900,1.0000000000,0.9900000000,1.0000000000
104,902,1.0000000000,0.9900000000,1.0000000000
104,906,1.0000000000,0.9900000000,1.0000000000
104,941,1.0000000000,0.9900000000,1.0000000000
104,1201,1.0000000000,0.9900000000,1.0000000000
104,1202,1.0000000000,0.9900000000,1.0000000000
104,1283,1.0000000000,0.9900000000,1.0000000000
104,1305,1.0000000000,0.9900000000,1.0000000000
104,1527,1.0000000000,0.9900000000,1.0000000000
104,1534,1.0000000000,0.9900000000,1.0000000000
104,1538,1.0000000000,0.9900000000,1.0000000000
105,25,1.0000000000,0.9800000000,1.0000000000
105,26,1.0000000000,0.9800000000,1.0000000000
105,27,1.0000000000,0.9800000000,1.0000000000
105,28,1.0000000000,0.9800000000,1.0000000000
105,31,1.0000000000,0.9800000000,1.0000000000
105,324,1.0000000000,0.9800000000,1.0000000000
105,358,1.0000000000,0.9800000000,1.0000000000
105,380,1.0000000000,0.9800000000,1.0000000000
105,381,1.0000000000,0.9800000000,1.0000000000
105,419,1.0000000000,0.9800000000,1.0000000000
105,420,1.0000000000,0.9800000000,1.0000000000
105,463,1.0000000000,0.9800000000,1.0000000000
105,485,1.0000000000,0.9800000000,1.0000000000
105,513,1.0000000000,0.9800000000,1.0000000000
105,540,1.0000000000,0.9800000000,1.0000000000
105,541,1.0000000000,0.9800000000,1.0000000000
105,543,1.0000000000,0.9800000000,1.0000000000
105,547,1.0000000000,0.9800000000,1.0000000000
105,830,1.0000000000,0.9800000000,1.0000000000
105,831,1.0000000000,0.9800000000,1.0000000000
105,832,1.0000000000,0.9800000000,1.0000000000
105,833,1.0000000000,0.9800000000,1.0000000000
105,834,1.0000000000,0.9800000000,1.0000000000
105,883,1.0000000000,0.9800000000,1.0000000000
105,893,1.0000000000,0.9800000000,1.0000000000
105,894,1.0000000000,0.9800000000,1.0000000000
105,898,1.0000000000,0.9800000000,1.0000000000
105,900,1.0000000000,0.9800000000,1.0000000000
105,902,1.0000000000,0.9800000000,1.0000000000
105,906,1.0000000000,0.9800000000,1.0000000000
105,941,1.0000000000,0.9800000000,1.0000000000
105,963,1.0000000000,0.9800000000,1.0000000000
105,1201,1.0000000000,0.9800000000,1.0000000000
105,1202,1.0000000000,0.9800000000,1.0000000000
105,1283,1.0000000000,0.9800000000,1.0000000000
105,1305,1.0000000000,0.9800000000,1.0000000000
105,1527,1.0000000000,0.9800000000,1.0000000000
105,1534,1.0000000000,0.9800000000,1.0000000000
105,1538,1.0000000000,0.9800000000,1.0000000000
106,25,1.0000000000,0.9700000000,1.0000000000
106,26,1.0000000000,0.9700000000,1.0000000000
106,27,1.0000000000,0.9700000000,1.0000000000
106,28,1.0000000000,0.9700000000,1.0000000000
106,31,1.0000000000,0.9700000000,1.0000000000
106,324,1.0000000000,0.9700000000,1.0000000000
106,358,1.0000000000,0.9700000000,1.0000000000
106,380,1.0000000000,0.9700000000,1.0000000000
106,381,1.0000000000,0.9700000000,1.0000000000
106,419,1.0000000000,0.9700000000,1.0000000000
106,420,1.0000000000,0.9700000000,1.0000000000
106,463,1.0000000000,0.9700000000,1.0000000000
106,485,1.0000000000,0.9700000000,1.0000000000
106,513,1.0000000000,0.9700000000,1.0000000000
106,540,1.0000000000,0.9700000000,1.0000000000
106,541,1.0000000000,0.9700000000,1.0000000000
106,543,1.0000000000,0.9700000000,1.0000000000
106,547,1.0000000000,0.9700000000,1.0000000000
106,830,1.0000000000,0.9700000000,1.0000000000
106,831,1.0000000000,0.9700000000,1.0000000000
106,832,1.0000000000,0.9700000000,1.0000000000
106,833,1.0000000000,0.9700000000,1.0000000000
106,834,1.0000000000,0.9700000000,1.0000000000
106,883,1.0000000000,0.9700000000,1.0000000000
106,893,1.0000000000,0.9700000000,1.0000000000
106,894,1.0000000000,0.9700000000,1.0000000000
106,898,1.0000000000,0.9700000000,1.0000000000
106,900,1.0000000000,0.9700000000,1.0000000000
106,902,1.0000000000,0.9700000000,1.0000000000
106,906,1.0000000000,0.9700000000,1.0000000000
106,941,1.0000000000,0.9700000000,1.0000000000
106,1201,1.0000000000,0.9700000000,1.0000000000
106,1202,1.0000000000,0.9700000000,1.0000000000
106,1283,1.0000000000,0.9700000000,1.0000000000
106,1305,1.0000000000,0.9700000000,1.0000000000
106,1527,1.0000000000,0.9700000000,1.0000000000
106,1534,1.0000000000,0.9700000000,1.0000000000
106,1538,1.0000000000,0.9700000000,1.0000000000
116,25,1.0000000000,0.9900000000,1.0000000000
116,26,1.0000000000,0.9900000000,1.0000000000
116,27,1.0000000000,0.9900000000,1.0000000000
116,28,1.0000000000,0.9900000000,1.0000000000
116,31,1.0000000000,0.9900000000,1.0000000000
116,324,1.0000000000,0.9900000000,1.0000000000
116,358,1.0000000000,0.9900000000,1.0000000000
116,380,1.0000000000,0.9900000000,1.0000000000
116,381,1.0000000000,0.9900000000,1.0000000000
116,419,1.0000000000,0.9900000000,1.0000000000
116,420,1.0000000000,0.9900000000,1.0000000000
116,463,1.0000000000,0.9900000000,1.0000000000
116,485,1.0000000000,0.9900000000,1.0000000000
116,513,1.0000000000,0.9900000000,1.0000000000
116,540,1.0000000000,0.9900000000,1.0000000000
116,541,1.0000000000,0.9900000000,1.0000000000
116,543,1.0000000000,0.9900000000,1.0000000000
116,547,1.0000000000,0.9900000000,1.0000000000
116,830,1.0000000000,0.9900000000,1.0000000000
116,831,1.0000000000,0.9900000000,1.0000000000
116,832,1.0000000000,0.9900000000,1.0000000000
116,833,1.0000000000,0.9900000000,1.0000000000
116,834,1.0000000000,0.9900000000,1.0000000000
116,883,1.0000000000,0.9900000000,1.0000000000
116,893,1.0000000000,0.9900000000,1.0000000000
116,894,1.0000000000,0.9900000000,1.0000000000
116,898,1.0000000000,0.9900000000,1.0000000000
116,900,1.0000000000,0.9900000000,1.0000000000
116,902,1.0000000000,0.9900000000,1.0000000000
116,906,1.0000000000,0.9900000000,1.0000000000
116,941,1.0000000000,0.9900000000,1.0000000000
116,963,1.0000000000,0.9900000000,1.0000000000
116,1201,1.0000000000,0.9900000000,1.0000000000
116,1202,1.0000000000,0.9900000000,1.0000000000
116,1283,1.0000000000,0.9900000000,1.0000000000
116,1305,1.0000000000,0.9900000000,1.0000000000
116,1527,1.0000000000,0.9900000000,1.0000000000
116,1534,1.0000000000,0.9900000000,1.0000000000
116,1538,1.0000000000,0.9900000000,1.0000000000
117,25,1.0000000000,0.9800000000,1.0000000000
117,26,1.0000000000,0.9800000000,1.0000000000
117,27,1.0000000000,0.9800000000,1.0000000000
117,28,1.0000000000,0.9800000000,1.0000000000
117,31,1.0000000000,0.9800000000,1.0000000000
117,324,1.0000000000,0.9800000000,1.0000000000
117,358,1.0000000000,0.9800000000,1.0000000000
117,380,1.0000000000,0.9800000000,1.0000000000
117,381,1.0000000000,0.9800000000,1.0000000000
117,419,1.0000000000,0.9800000000,1.0000000000
117,420,1.0000000000,0.9800000000,1.0000000000
117,463,1.0000000000,0.9800000000,1.0000000000
117,485,1.0000000000,0.9800000000,1.0000000000
117,513,1.0000000000,0.9800000000,1.0000000000
117,540,1.0000000000,0.9800000000,1.0000000000
117,541,1.0000000000,0.9800000000,1.0000000000
117,543,1.0000000000,0.9800000000,1.0000000000
117,547,1.0000000000,0.9800000000,1.0000000000
117,830,1.0000000000,0.9800000000,1.0000000000
117,831,1.0000000000,0.9800000000,1.0000000000
117,832,1.0000000000,0.9800000000,1.0000000000
117,833,1.0000000000,0.9800000000,1.0000000000
117,834,1.0000000000,0.9800000000,1.0000000000
117,883,1.0000000000,0.9800000000,1.0000000000
117,893,1.0000000000,0.9800000000,1.0000000000
117,894,1.0000000000,0.9800000000,1.0000000000
117,898,1.0000000000,0.9800000000,1.0000000000
117,900,1.0000000000,0.9800000000,1.0000000000
117,902,1.0000000000,0.9800000000,1.0000000000
117,906,1.0000000000,0.9800000000,1.0000000000
117,941,1.0000000000,0.9800000000,1.0000000000
117,963,1.0000000000,0.9800000000,1.0000000000
117,1201,1.0000000000,0.9800000000,1.0000000000
117,1202,1.0000000000,0.9800000000,1.0000000000
117,1283,1.0000000000,0.9800000000,1.0000000000
117,1305,1.0000000000,0.9800000000,1.0000000000
117,1527,1.0000000000,0.9800000000,1.0000000000
117,1534,1.0000000000,0.9800000000,1.0000000000
117,1538,1.0000000000,0.9800000000,1.0000000000
118,25,1.0000000000,0.9700000000,1.0000000000
118,26,1.0000000000,0.9700000000,1.0000000000
118,27,1.0000000000,0.9700000000,1.0000000000
118,28,1.0000000000,0.9700000000,1.0000000000
118,31,1.0000000000,0.9700000000,1.0000000000
118,324,1.0000000000,0.9700000000,1.0000000000
118,358,1.0000000000,0.9700000000,1.0000000000
118,380,1.0000000000,0.9700000000,1.0000000000
118,381,1.0000000000,0.9700000000,1.0000000000
118,419,1.0000000000,0.9700000000,1.0000000000
118,420,1.0000000000,0.9700000000,1.0000000000
118,463,1.0000000000,0.9700000000,1.0000000000
118,485,1.0000000000,0.9700000000,1.0000000000
118,513,1.0000000000,0.9700000000,1.0000000000
118,540,1.0000000000,0.9700000000,1.0000000000
118,541,1.0000000000,0.9700000000,1.0000000000
118,543,1.0000000000,0.9700000000,1.0000000000
118,547,1.0000000000,0.9700000000,1.0000000000
118,830,1.0000000000,0.9700000000,1.0000000000
118,831,1.0000000000,0.9700000000,1.0000000000
118,832,1.0000000000,0.9700000000,1.0000000000
118,833,1.0000000000,0.9700000000,1.0000000000
118,834,1.0000000000,0.9700000000,1.0000000000
118,883,1.0000000000,0.9700000000,1.0000000000
118,893,1.0000000000,0.9700000000,1.0000000000
118,894,1.0000000000,0.9700000000,1.0000000000
118,898,1.0000000000,0.9700000000,1.0000000000
118,900,1.0000000000,0.9700000000,1.0000000000
118,902,1.0000000000,0.9700000000,1.0000000000
118,906,1.0000000000,0.9700000000,1.0000000000
118,941,1.0000000000,0.9700000000,1.0000000000
118,963,1.0000000000,0.9700000000,1.0000000000
118,1201,1.0000000000,0.9700000000,1.0000000000
118,1202,1.0000000000,0.9700000000,1.0000000000
118,1283,1.0000000000,0.9700000000,1.0000000000
118,1305,1.0000000000,0.9700000000,1.0000000000
118,1527,1.0000000000,0.9700000000,1.0000000000
118,1534,1.0000000000,0.9700000000,1.0000000000
118,1538,1.0000000000,0.9700000000,1.0000000000
119,25,1.0000000000,0.9900000000,1.0000000000
119,26,1.0000000000,0.9900000000,1.0000000000
119,27,1.0000000000,0.9900000000,1.0000000000
119,28,1.0000000000,0.9900000000,1.0000000000
119,31,1.0000000000,0.9900000000,1.0000000000
119,324,1.0000000000,0.9900000000,1.0000000000
119,358,1.0000000000,0.9900000000,1.0000000000
119,380,1.0000000000,0.9900000000,1.0000000000
119,381,1.0000000000,0.9900000000,1.0000000000
119,419,1.0000000000,0.9900000000,1.0000000000
119,420,1.0000000000,0.9900000000,1.0000000000
119,463,1.0000000000,0.9900000000,1.0000000000
119,485,1.0000000000,0.9900000000,1.0000000000
119,513,1.0000000000,0.9900000000,1.0000000000
119,540,1.0000000000,0.9900000000,1.0000000000
119,541,1.0000000000,0.9900000000,1.0000000000
119,543,1.0000000000,0.9900000000,1.0000000000
119,547,1.0000000000,0.9900000000,1.0000000000
119,830,1.0000000000,0.9900000000,1.0000000000
119,831,1.0000000000,0.9900000000,1.0000000000
119,832,1.0000000000,0.9900000000,1.0000000000
119,833,1.0000000000,0.9900000000,1.0000000000
119,834,1.0000000000,0.9900000000,1.0000000000
119,883,1.0000000000,0.9900000000,1.0000000000
119,893,1.0000000000,0.9900000000,1.0000000000
119,894,1.0000000000,0.9900000000,1.0000000000
119,898,1.0000000000,0.9900000000,1.0000000000
119,900,1.0000000000,0.9900000000,1.0000000000
119,902,1.0000000000,0.9900000000,1.0000000000
119,906,1.0000000000,0.9900000000,1.0000000000
119,941,1.0000000000,0.9900000000,1.0000000000
119,963,1.0000000000,0.9900000000,1.0000000000
119,1201,1.0000000000,0.9900000000,1.0000000000
119,1202,1.0000000000,0.9900000000,1.0000000000
119,1283,1.0000000000,0.9900000000,1.0000000000
119,1305,1.0000000000,0.9900000000,1.0000000000
119,1527,1.0000000000,0.9900000000,1.0000000000
119,1534,1.0000000000,0.9900000000,1.0000000000
119,1538,1.0000000000,0.9900000000,1.0000000000
120,25,1.0000000000,0.9800000000,1.0000000000
120,26,1.0000000000,0.9800000000,1.0000000000
120,27,1.0000000000,0.9800000000,1.0000000000
120,28,1.0000000000,0.9800000000,1.0000000000
120,31,1.0000000000,0.9800000000,1.0000000000
120,324,1.0000000000,0.9800000000,1.0000000000
120,358,1.0000000000,0.9800000000,1.0000000000
120,380,1.0000000000,0.9800000000,1.0000000000
120,381,1.0000000000,0.9800000000,1.0000000000
120,419,1.0000000000,0.9800000000,1.0000000000
120,420,1.0000000000,0.9800000000,1.0000000000
120,463,1.0000000000,0.9800000000,1.0000000000
120,485,1.0000000000,0.9800000000,1.0000000000
120,513,1.0000000000,0.9800000000,1.0000000000
120,540,1.0000000000,0.9800000000,1.0000000000
120,541,1.0000000000,0.9800000000,1.0000000000
120,543,1.0000000000,0.9800000000,1.0000000000
120,547,1.0000000000,0.9800000000,1.0000000000
120,830,1.0000000000,0.9800000000,1.0000000000
120,831,1.0000000000,0.9800000000,1.0000000000
120,832,1.0000000000,0.9800000000,1.0000000000
120,833,1.0000000000,0.9800000000,1.0000000000
120,834,1.0000000000,0.9800000000,1.0000000000
120,883,1.0000000000,0.9800000000,1.0000000000
120,893,1.0000000000,0.9800000000,1.0000000000
120,894,1.0000000000,0.9800000000,1.0000000000
120,898,1.0000000000,0.9800000000,1.0000000000
120,900,1.0000000000,0.9800000000,1.0000000000
120,902,1.0000000000,0.9800000000,1.0000000000
120,906,1.0000000000,0.9800000000,1.0000000000
120,941,1.0000000000,0.9800000000,1.0000000000
120,963,1.0000000000,0.9800000000,1.0000000000
120,1201,1.0000000000,0.9800000000,1.0000000000
120,1202,1.0000000000,0.9800000000,1.0000000000
120,1283,1.0000000000,0.9800000000,1.0000000000
120,1305,1.0000000000,0.9800000000,1.0000000000
120,1527,1.0000000000,0.9800000000,1.0000000000
120,1534,1.0000000000,0.9800000000,1.0000000000
120,1538,1.0000000000,0.9800000000,1.0000000000
121,25,1.0000000000,0.9700000000,1.0000000000
121,26,1.0000000000,0.9700000000,1.0000000000
121,27,1.0000000000,0.9700000000,1.0000000000
121,28,1.0000000000,0.9700000000,1.0000000000
121,31,1.0000000000,0.9700000000,1.0000000000
121,324,1.0000000000,0.9700000000,1.0000000000
121,358,1.0000000000,0.9700000000,1.0000000000
121,380,1.0000000000,0.9700000000,1.0000000000
121,381,1.0000000000,0.9700000000,1.0000000000
121,419,1.0000000000,0.9700000000,1.0000000000
121,420,1.0000000000,0.9700000000,1.0000000000
121,463,1.0000000000,0.9700000000,1.0000000000
121,485,1.0000000000,0.9700000000,1.0000000000
121,513,1.0000000000,0.9700000000,1.0000000000
121,540,1.0000000000,0.9700000000,1.0000000000
121,541,1.0000000000,0.9700000000,1.0000000000
121,543,1.0000000000,0.9700000000,1.0000000000
121,547,1.0000000000,0.9700000000,1.0000000000
121,830,1.0000000000,0.9700000000,1.0000000000
121,831,1.0000000000,0.9700000000,1.0000000000
121,832,1.0000000000,0.9700000000,1.0000000000
121,833,1.0000000000,0.9700000000,1.0000000000
121,834,1.0000000000,0.9700000000,1.0000000000
121,883,1.0000000000,0.9700000000,1.0000000000
121,893,1.0000000000,0.9700000000,1.0000000000
121,894,1.0000000000,0.9700000000,1.0000000000
121,898,1.0000000000,0.9700000000,1.0000000000
121,900,1.0000000000,0.9700000000,1.0000000000
121,902,1.0000000000,0.9700000000,1.0000000000
121,906,1.0000000000,0.9700000000,1.0000000000
121,941,1.0000000000,0.9700000000,1.0000000000
121,963,1.0000000000,0.9700000000,1.0000000000
121,1201,1.0000000000,0.9700000000,1.0000000000
121,1202,1.0000000000,0.9700000000,1.0000000000
121,1283,1.0000000000,0.9700000000,1.0000000000
121,1305,1.0000000000,0.9700000000,1.0000000000
121,1527,1.0000000000,0.9700000000,1.0000000000
121,1534,1.0000000000,0.9700000000,1.0000000000
121,1538,1.0000000000,0.9700000000,1.0000000000
122,25,1.0000000000,0.9900000000,1.0000000000
122,26,1.0000000000,0.9900000000,1.0000000000
122,27,1.0000000000,0.9900000000,1.0000000000
122,28,1.0000000000,0.9900000000,1.0000000000
122,31,1.0000000000,0.9900000000,1.0000000000
122,324,1.0000000000,0.9900000000,1.0000000000
122,358,1.0000000000,0.9900000000,1.0000000000
122,380,1.0000000000,0.9900000000,1.0000000000
122,381,1.0000000000,0.9900000000,1.0000000000
122,419,1.0000000000,0.9900000000,1.0000000000
122,420,1.0000000000,0.9900000000,1.0000000000
122,463,1.0000000000,0.9900000000,1.0000000000
122,485,1.0000000000,0.9900000000,1.0000000000
122,513,1.0000000000,0.9900000000,1.0000000000
122,540,1.0000000000,0.9900000000,1.0000000000
122,541,1.0000000000,0.9900000000,1.0000000000
122,543,1.0000000000,0.9900000000,1.0000000000
122,547,1.0000000000,0.9900000000,1.0000000000
122,830,1.0000000000,0.9900000000,1.0000000000
122,831,1.0000000000,0.9900000000,1.0000000000
122,832,1.0000000000,0.9900000000,1.0000000000
122,833,1.0000000000,0.9900000000,1.0000000000
122,834,1.0000000000,0.9900000000,1.0000000000
122,883,1.0000000000,0.9900000000,1.0000000000
122,893,1.0000000000,0.9900000000,1.0000000000
122,894,1.0000000000,0.9900000000,1.0000000000
122,898,1.0000000000,0.9900000000,1.0000000000
122,900,1.0000000000,0.9900000000,1.0000000000
122,902,1.0000000000,0.9900000000,1.0000000000
122,906,1.0000000000,0.9900000000,1.0000000000
122,941,1.0000000000,0.9900000000,1.0000000000
122,963,1.0000000000,0.9900000000,1.0000000000
122,1201,1.0000000000,0.9900000000,1.0000000000
122,1202,1.0000000000,0.9900000000,1.0000000000
122,1283,1.0000000000,0.9900000000,1.0000000000
122,1305,1.0000000000,0.9900000000,1.0000000000
122,1527,1.0000000000,0.9900000000,1.0000000000
122,1534,1.0000000000,0.9900000000,1.0000000000
122,1538,1.0000000000,0.9900000000,1.0000000000
123,25,1.0000000000,0.9800000000,1.0000000000
123,26,1.0000000000,0.9800000000,1.0000000000
123,27,1.0000000000,0.9800000000,1.0000000000
123,28,1.0000000000,0.9800000000,1.0000000000
123,31,1.0000000000,0.9800000000,1.0000000000
123,324,1.0000000000,0.9800000000,1.0000000000
123,358,1.0000000000,0.9800000000,1.0000000000
123,380,1.0000000000,0.9800000000,1.0000000000
123,381,1.0000000000,0.9800000000,1.0000000000
123,419,1.0000000000,0.9800000000,1.0000000000
123,420,1.0000000000,0.9800000000,1.0000000000
123,463,1.0000000000,0.9800000000,1.0000000000
123,485,1.0000000000,0.9800000000,1.0000000000
123,513,1.0000000000,0.9800000000,1.0000000000
123,540,1.0000000000,0.9800000000,1.0000000000
123,541,1.0000000000,0.9800000000,1.0000000000
123,543,1.0000000000,0.9800000000,1.0000000000
123,547,1.0000000000,0.9800000000,1.0000000000
123,830,1.0000000000,0.9800000000,1.0000000000
123,831,1.0000000000,0.9800000000,1.0000000000
123,832,1.0000000000,0.9800000000,1.0000000000
123,833,1.0000000000,0.9800000000,1.0000000000
123,834,1.0000000000,0.9800000000,1.0000000000
123,883,1.0000000000,0.9800000000,1.0000000000
123,893,1.0000000000,0.9800000000,1.0000000000
123,894,1.0000000000,0.9800000000,1.0000000000
123,898,1.0000000000,0.9800000000,1.0000000000
123,900,1.0000000000,0.9800000000,1.0000000000
123,902,1.0000000000,0.9800000000,1.0000000000
123,906,1.0000000000,0.9800000000,1.0000000000
123,941,1.0000000000,0.9800000000,1.0000000000
123,963,1.0000000000,0.9800000000,1.0000000000
123,1201,1.0000000000,0.9800000000,1.0000000000
123,1202,1.0000000000,0.9800000000,1.0000000000
123,1283,1.0000000000,0.9800000000,1.0000000000
123,1305,1.0000000000,0.9800000000,1.0000000000
123,1527,1.0000000000,0.9800000000,1.0000000000
123,1534,1.0000000000,0.9800000000,1.0000000000
123,1538,1.0000000000,0.9800000000,1.0000000000
124,25,1.0000000000,0.9900000000,1.0000000000
124,26,1.0000000000,0.9900000000,1.0000000000
124,27,1.0000000000,0.9900000000,1.0000000000
124,28,1.0000000000,0.9900000000,1.0000000000
124,31,1.0000000000,0.9900000000,1.0000000000
124,324,1.0000000000,0.9900000000,1.0000000000
124,358,1.0000000000,0.9900000000,1.0000000000
124,380,1.0000000000,0.9900000000,1.0000000000
124,381,1.0000000000,0.9900000000,1.0000000000
124,419,1.0000000000,0.9900000000,1.0000000000
124,420,1.0000000000,0.9900000000,1.0000000000
124,463,1.0000000000,0.9900000000,1.0000000000
124,485,1.0000000000,0.9900000000,1.0000000000
124,513,1.0000000000,0.9900000000,1.0000000000
124,540,1.0000000000,0.9900000000,1.0000000000
124,541,1.0000000000,0.9900000000,1.0000000000
124,543,1.0000000000,0.9900000000,1.0000000000
124,547,1.0000000000,0.9900000000,1.0000000000
124,830,1.0000000000,0.9900000000,1.0000000000
124,831,1.0000000000,0.9900000000,1.0000000000
124,832,1.0000000000,0.9900000000,1.0000000000
124,833,1.0000000000,0.9900000000,1.0000000000
124,834,1.0000000000,0.9900000000,1.0000000000
124,883,1.0000000000,0.9900000000,1.0000000000
124,893,1.0000000000,0.9900000000,1.0000000000
124,894,1.0000000000,0.9900000000,1.0000000000
124,898,1.0000000000,0.9900000000,1.0000000000
124,900,1.0000000000,0.9900000000,1.0000000000
124,902,1.0000000000,0.9900000000,1.0000000000
124,906,1.0000000000,0.9900000000,1.0000000000
124,941,1.0000000000,0.9900000000,1.0000000000
124,1201,1.0000000000,0.9900000000,1.0000000000
124,1202,1.0000000000,0.9900000000,1.0000000000
124,1283,1.0000000000,0.9900000000,1.0000000000
124,1305,1.0000000000,0.9900000000,1.0000000000
124,1527,1.0000000000,0.9900000000,1.0000000000
124,1534,1.0000000000,0.9900000000,1.0000000000
124,1538,1.0000000000,0.9900000000,1.0000000000
125,25,1.0000000000,0.9800000000,1.0000000000
125,26,1.0000000000,0.9800000000,1.0000000000
125,27,1.0000000000,0.9800000000,1.0000000000
125,28,1.0000000000,0.9800000000,1.0000000000
125,31,1.0000000000,0.9800000000,1.0000000000
125,324,1.0000000000,0.9800000000,1.0000000000
125,358,1.0000000000,0.9800000000,1.0000000000
125,380,1.0000000000,0.9800000000,1.0000000000
125,381,1.0000000000,0.9800000000,1.0000000000
125,419,1.0000000000,0.9800000000,1.0000000000
125,420,1.0000000000,0.9800000000,1.0000000000
125,463,1.0000000000,0.9800000000,1.0000000000
125,485,1.0000000000,0.9800000000,1.0000000000
125,513,1.0000000000,0.9800000000,1.0000000000
125,540,1.0000000000,0.9800000000,1.0000000000
125,541,1.0000000000,0.9800000000,1.0000000000
125,543,1.0000000000,0.9800000000,1.0000000000
125,547,1.0000000000,0.9800000000,1.0000000000
125,830,1.0000000000,0.9800000000,1.0000000000
125,831,1.0000000000,0.9800000000,1.0000000000
125,832,1.0000000000,0.9800000000,1.0000000000
125,833,1.0000000000,0.9800000000,1.0000000000
125,834,1.0000000000,0.9800000000,1.0000000000
125,883,1.0000000000,0.9800000000,1.0000000000
125,893,1.0000000000,0.9800000000,1.0000000000
125,894,1.0000000000,0.9800000000,1.0000000000
125,898,1.0000000000,0.9800000000,1.0000000000
125,900,1.0000000000,0.9800000000,1.0000000000
125,902,1.0000000000,0.9800000000,1.0000000000
125,906,1.0000000000,0.9800000000,1.0000000000
125,941,1.0000000000,0.9800000000,1.0000000000
125,1201,1.0000000000,0.9800000000,1.0000000000
125,1202,1.0000000000,0.9800000000,1.0000000000
125,1283,1.0000000000,0.9800000000,1.0000000000
125,1305,1.0000000000,0.9800000000,1.0000000000
125,1527,1.0000000000,0.9800000000,1.0000000000
125,1534,1.0000000000,0.9800000000,1.0000000000
125,1538,1.0000000000,0.9800000000,1.0000000000
126,25,1.0000000000,0.9700000000,1.0000000000
126,26,1.0000000000,0.9700000000,1.0000000000
126,27,1.0000000000,0.9700000000,1.0000000000
126,28,1.0000000000,0.9700000000,1.0000000000
126,31,1.0000000000,0.9700000000,1.0000000000
126,324,1.0000000000,0.9700000000,1.0000000000
126,358,1.0000000000,0.9700000000,1.0000000000
126,380,1.0000000000,0.9700000000,1.0000000000
126,381,1.0000000000,0.9700000000,1.0000000000
126,419,1.0000000000,0.9700000000,1.0000000000
126,420,1.0000000000,0.9700000000,1.0000000000
126,463,1.0000000000,0.9700000000,1.0000000000
126,485,1.0000000000,0.9700000000,1.0000000000
126,513,1.0000000000,0.9700000000,1.0000000000
126,540,1.0000000000,0.9700000000,1.0000000000
126,541,1.0000000000,0.9700000000,1.0000000000
126,543,1.0000000000,0.9700000000,1.0000000000
126,547,1.0000000000,0.9700000000,1.0000000000
126,830,1.0000000000,0.9700000000,1.0000000000
126,831,1.0000000000,0.9700000000,1.0000000000
126,832,1.0000000000,0.9700000000,1.0000000000
126,833,1.0000000000,0.9700000000,1.0000000000
126,834,1.0000000000,0.9700000000,1.0000000000
126,883,1.0000000000,0.9700000000,1.0000000000
126,893,1.0000000000,0.9700000000,1.0000000000
126,894,1.0000000000,0.9700000000,1.0000000000
126,898,1.0000000000,0.9700000000,1.0000000000
126,900,1.0000000000,0.9700000000,1.0000000000
126,902,1.0000000000,0.9700000000,1.0000000000
126,906,1.0000000000,0.9700000000,1.0000000000
126,941,1.0000000000,0.9700000000,1.0000000000
126,1201,1.0000000000,0.9700000000,1.0000000000
126,1202,1.0000000000,0.9700000000,1.0000000000
126,1283,1.0000000000,0.9700000000,1.0000000000
126,1305,1.0000000000,0.9700000000,1.0000000000
126,1527,1.0000000000,0.9700000000,1.0000000000
126,1534,1.0000000000,0.9700000000,1.0000000000
126,1538,1.0000000000,0.9700000000,1.0000000000
136,25,1.0000000000,1.0000000000,1.0000000000
136,26,1.0000000000,1.0000000000,1.0000000000
136,27,1.0000000000,1.0000000000,1.0000000000
136,28,1.0000000000,1.0000000000,1.0000000000
136,31,1.0000000000,1.0000000000,1.0000000000
136,324,1.0000000000,1.0000000000,1.0000000000
136,358,1.0000000000,1.0000000000,1.0000000000
136,380,1.0000000000,1.0000000000,1.0000000000
136,381,1.0000000000,1.0000000000,1.0000000000
136,419,1.0000000000,1.0000000000,1.0000000000
136,420,1.0000000000,1.0000000000,1.0000000000
136,463,1.0000000000,1.0000000000,1.0000000000
136,485,1.0000000000,1.0000000000,1.0000000000
136,513,1.0000000000,1.0000000000,1.0000000000
136,540,1.0000000000,1.0000000000,1.0000000000
136,541,1.0000000000,1.0000000000,1.0000000000
136,543,1.0000000000,1.0000000000,1.0000000000
136,547,1.0000000000,1.0000000000,1.0000000000
136,830,1.0000000000,1.0000000000,1.0000000000
136,831,1.0000000000,1.0000000000,1.0000000000
136,832,1.0000000000,1.0000000000,1.0000000000
136,833,1.0000000000,1.0000000000,1.0000000000
136,834,1.0000000000,1.0000000000,1.0000000000
136,873,0.4000000000,1.0000000000,1.0000000000
136,883,1.0000000000,1.0000000000,1.0000000000
136,893,1.0000000000,1.0000000000,1.0000000000
136,894,1.0000000000,1.0000000000,1.0000000000
136,898,1.0000000000,1.0000000000,1.0000000000
136,900,1.0000000000,1.0000000000,1.0000000000
136,902,1.0000000000,1.0000000000,1.0000000000
136,906,1.0000000000,1.0000000000,1.0000000000
136,941,1.0000000000,1.0000000000,1.0000000000
136,963,1.0000000000,1.0000000000,1.0000000000
136,1201,1.0000000000,1.0000000000,1.0000000000
136,1202,1.0000000000,1.0000000000,1.0000000000
136,1283,1.0000000000,1.0000000000,1.0000000000
136,1305,1.0000000000,1.0000000000,1.0000000000
136,1527,1.0000000000,1.0000000000,1.0000000000
136,1534,1.0000000000,1.0000000000,1.0000000000
136,1538,1.0000000000,1.0000000000,1.0000000000
137,25,1.0000000000,1.0000000000,1.0000000000
137,26,1.0000000000,1.0000000000,1.0000000000
137,27,1.0000000000,1.0000000000,1.0000000000
137,28,1.0000000000,1.0000000000,1.0000000000
137,31,1.0000000000,1.0000000000,1.0000000000
137,324,1.0000000000,1.0000000000,1.0000000000
137,358,1.0000000000,1.0000000000,1.0000000000
137,380,1.0000000000,1.0000000000,1.0000000000
137,381,1.0000000000,1.0000000000,1.0000000000
137,419,1.0000000000,1.0000000000,1.0000000000
137,420,1.0000000000,1.0000000000,1.0000000000
137,463,1.0000000000,1.0000000000,1.0000000000
137,485,1.0000000000,1.0000000000,1.0000000000
137,513,1.0000000000,1.0000000000,1.0000000000
137,540,1.0000000000,1.0000000000,1.0000000000
137,541,1.0000000000,1.0000000000,1.0000000000
137,543,1.0000000000,1.0000000000,1.0000000000
137,547,1.0000000000,1.0000000000,1.0000000000
137,830,1.0000000000,1.0000000000,1.0000000000
137,831,1.0000000000,1.0000000000,1.0000000000
137,832,1.0000000000,1.0000000000,1.0000000000
137,833,1.0000000000,1.0000000000,1.0000000000
137,834,1.0000000000,1.0000000000,1.0000000000
137,873,0.6000000000,1.0000000000,1.0000000000
137,883,1.0000000000,1.0000000000,1.0000000000
137,893,1.0000000000,1.0000000000,1.0000000000
137,894,1.0000000000,1.0000000000,1.0000000000
137,898,1.0000000000,1.0000000000,1.0000000000
137,900,1.0000000000,1.0000000000,1.0000000000
137,902,1.0000000000,1.0000000000,1.0000000000
137,906,1.0000000000,1.0000000000,1.0000000000
137,941,1.0000000000,1.0000000000,1.0000000000
137,963,1.0000000000,1.0000000000,1.0000000000
137,1201,1.0000000000,1.0000000000,1.0000000000
137,1202,1.0000000000,1.0000000000,1.0000000000
137,1283,1.0000000000,1.0000000000,1.0000000000
137,1305,1.0000000000,1.0000000000,1.0000000000
137,1527,1.0000000000,1.0000000000,1.0000000000
137,1534,1.0000000000,1.0000000000,1.0000000000
137,1538,1.0000000000,1.0000000000,1.0000000000
155,27,1.0000000000,1.0000000000,1.0000000000
155,513,1.0000000000,1.0000000000,1.0000000000
155,941,1.0000000000,1.0000000000,1.0000000000
158,973,1.0000000000,1.0000000000,1.0000000000
158,996,1.0000000000,1.0000000000,1.0000000000
158,1309,1.0000000000,1.0000000000,1.0000000000
159,963,1.0000000000,1.0000000000,1.0000000000
171,873,1.0000000000,1.0000000000,1.0000000000
171,913,1.0000000000,1.0000000000,1.0000000000
172,25,1.0000000000,1.0000000000,1.0000000000
172,26,1.0000000000,1.0000000000,1.0000000000
172,27,1.0000000000,1.0000000000,1.0000000000
172,28,1.0000000000,1.0000000000,1.0000000000
172,31,1.0000000000,1.0000000000,1.0000000000
172,324,1.0000000000,1.0000000000,1.0000000000
172,358,1.0000000000,1.0000000000,1.0000000000
172,380,1.0000000000,1.0000000000,1.0000000000
172,381,1.0000000000,1.0000000000,1.0000000000
172,419,1.0000000000,1.0000000000,1.0000000000
172,420,1.0000000000,1.0000000000,1.0000000000
172,463,1.0000000000,1.0000000000,1.0000000000
172,513,1.0000000000,1.0000000000,1.0000000000
172,540,1.0000000000,1.0000000000,1.0000000000
172,541,1.0000000000,1.0000000000,1.0000000000
172,543,1.0000000000,1.0000000000,1.0000000000
172,830,1.0000000000,1.0000000000,1.0000000000
172,831,1.0000000000,1.0000000000,1.0000000000
172,832,1.0000000000,1.0000000000,1.0000000000
172,833,1.0000000000,1.0000000000,1.0000000000
172,834,1.0000000000,1.0000000000,1.0000000000
172,893,1.0000000000,1.0000000000,1.0000000000
172,894,1.0000000000,1.0000000000,1.0000000000
172,898,1.0000000000,1.0000000000,1.0000000000
172,900,1.0000000000,1.0000000000,1.0000000000
172,902,1.0000000000,1.0000000000,1.0000000000
172,906,1.0000000000,1.0000000000,1.0000000000
172,941,1.0000000000,1.0000000000,1.0000000000
172,963,1.0000000000,1.0000000000,1.0000000000
172,1201,1.0000000000,1.0000000000,1.0000000000
172,1202,1.0000000000,1.0000000000,1.0000000000
172,1283,1.0000000000,1.0000000000,1.0000000000
172,1305,1.0000000000,1.0000000000,1.0000000000
172,1527,1.0000000000,1.0000000000,1.0000000000
172,1534,1.0000000000,1.0000000000,1.0000000000
175,25,1.0000000000,1.0000000000,1.0000000000
175,26,1.0000000000,1.0000000000,1.0000000000
175,27,1.0000000000,1.0000000000,1.0000000000
175,28,1.0000000000,1.0000000000,1.0000000000
175,31,1.0000000000,1.0000000000,1.0000000000
175,324,1.0000000000,1.0000000000,1.0000000000
175,358,1.0000000000,1.0000000000,1.0000000000
175,380,1.0000000000,1.0000000000,1.0000000000
175,419,1.0000000000,1.0000000000,1.0000000000
175,420,1.0000000000,1.0000000000,1.0000000000
175,463,1.0000000000,1.0000000000,1.0000000000
175,513,1.0000000000,1.0000000000,1.0000000000
175,540,1.0000000000,1.0000000000,1.0000000000
175,541,1.0000000000,1.0000000000,1.0000000000
175,543,1.0000000000,1.0000000000,1.0000000000
175,830,1.0000000000,1.0000000000,1.0000000000
175,831,1.0000000000,1.0000000000,1.0000000000
175,832,1.0000000000,1.0000000000,1.0000000000
175,833,1.0000000000,1.0000000000,1.0000000000
175,834,1.0000000000,1.0000000000,1.0000000000
175,893,1.0000000000,1.0000000000,1.0000000000
175,894,1.0000000000,1.0000000000,1.0000000000
175,898,1.0000000000,1.0000000000,1.0000000000
175,900,1.0000000000,1.0000000000,1.0000000000
175,902,1.0000000000,1.0000000000,1.0000000000
175,906,1.0000000000,1.0000000000,1.0000000000
175,941,1.0000000000,1.0000000000,1.0000000000
175,963,1.0000000000,1.0000000000,1.0000000000
175,1201,1.0000000000,1.0000000000,1.0000000000
175,1202,1.0000000000,1.0000000000,1.0000000000
175,1283,1.0000000000,1.0000000000,1.0000000000
175,1305,1.0000000000,1.0000000000,1.0000000000
175,1527,1.0000000000,1.0000000000,1.0000000000
175,1534,1.0000000000,1.0000000000,1.0000000000
176,485,1.0000000000,1.0000000000,1.0000000000
176,547,1.0000000000,1.0000000000,1.0000000000
176,883,1.0000000000,1.0000000000,1.0000000000
176,1538,1.0000000000,1.0000000000,1.0000000000
177,30,1.0000000000,1.0000000000,1.0000000000
177,485,1.0000000000,1.0000000000,1.0000000000
177,547,1.0000000000,1.0000000000,1.0000000000
177,659,1.0000000000,1.0000000000,1.0000000000
177,883,1.0000000000,1.0000000000,1.0000000000
177,1538,1.0000000000,1.0000000000,1.0000000000
181,973,1.0000000000,1.0000000000,1.0000000000
181,996,1.0000000000,1.0000000000,1.0000000000
181,1309,1.0000000000,1.0000000000,1.0000000000
182,428,1.0000000000,1.0000000000,1.0000000000
182,429,1.0000000000,1.0000000000,1.0000000000
183,974,1.0000000000,1.0000000000,1.0000000000
184,712,1.0000000000,1.0000000000,1.0000000000
